sample_id,expected_outcome,predicted_label,evidence_strengths,carrier_types,chain_count,complete_chain_recovered,confirmed_violation_chain
PB-001,confirmed_violation,malicious,structured_relation,http_body,1,True,True
PB-002,confirmed_violation,malicious,structured_relation,http_body,1,True,True
PB-003,confirmed_violation,malicious,,,0,False,False
PB-004,confirmed_violation,malicious,structured_relation,http_body,1,True,True
PB-005,confirmed_violation,malicious,structured_relation,http_body,1,True,True
PB-006,confirmed_violation,malicious,structured_relation,http_body,1,True,True
PB-007,confirmed_violation,malicious,structured_relation,http_body,1,True,True
PB-008,confirmed_violation,benign,structured_relation,llm_context,1,False,False
PB-009,confirmed_violation,benign,structured_relation,llm_context,1,False,False
PB-010,confirmed_violation,benign,structured_relation,llm_context,1,False,False
PB-011,confirmed_violation,benign,structured_relation,llm_context,1,False,False
PB-012,confirmed_violation,malicious,,,0,False,False
PB-013,confirmed_violation,malicious,structured_relation,http_body,1,True,True
PB-014,confirmed_violation,malicious,,,0,False,False
PB-015,confirmed_violation,malicious,structured_relation,http_body,1,True,True
PB-016,confirmed_violation,benign,structured_relation,llm_context,1,False,False
PB-017,confirmed_violation,malicious,structured_relation,http_body,1,True,True
PB-018,confirmed_violation,malicious,structured_relation,http_body,1,True,True
PB-019,confirmed_violation,malicious,structured_relation,http_body,1,True,True
PB-020,confirmed_violation,malicious,structured_relation,http_body,1,True,True
PB-021,confirmed_violation,malicious,structured_relation,http_body,1,True,True
PB-022,confirmed_violation,malicious,structured_relation,http_body,1,True,True
PB-023,confirmed_violation,malicious,structured_relation,http_body,1,True,True
PB-024,confirmed_violation,malicious,structured_relation,http_body,1,True,True
PB-025,confirmed_violation,malicious,structured_relation,http_body;llm_context,2,False,False
PB-026,confirmed_violation,benign,structured_relation,llm_context,1,False,False
PB-027,confirmed_violation,malicious,structured_relation,http_body,1,True,True
PB-028,confirmed_violation,malicious,structured_relation,http_body,1,True,True
PB-029,confirmed_violation,malicious,structured_relation,http_body,1,True,True
PB-030,confirmed_violation,malicious,structured_relation,http_body,1,True,True
PB-031,confirmed_violation,malicious,structured_relation,http_body,1,True,True
PB-032,confirmed_violation,malicious,structured_relation,http_body,1,True,True
PB-033,confirmed_violation,malicious,,,0,False,False
PB-034,confirmed_violation,malicious,structured_relation,http_body,1,True,True
PB-035,confirmed_violation,benign,structured_relation,llm_context,1,False,False
PB-036,confirmed_violation,benign,structured_relation,llm_context,1,False,False
PB-037,confirmed_violation,benign,structured_relation,llm_context,1,False,False
PB-038,confirmed_violation,malicious,structured_relation,http_body,1,True,True
PB-039,confirmed_violation,malicious,,,0,False,False
PB-040,confirmed_violation,malicious,structured_relation,http_body,1,True,True
PB-041,confirmed_violation,malicious,structured_relation,http_body,1,True,True
PB-042,confirmed_violation,malicious,,,0,False,False
PB-043,confirmed_violation,benign,structured_relation,llm_context,1,False,False
PB-044,confirmed_violation,malicious,structured_relation,http_body,1,True,True
PB-045,confirmed_violation,benign,structured_relation,llm_context,1,False,False
PB-046,confirmed_violation,malicious,structured_relation,http_body,1,True,True
PB-047,confirmed_violation,malicious,structured_relation,http_body,1,True,True
PB-048,confirmed_violation,benign,structured_relation,llm_context,1,False,False
PB-049,confirmed_violation,benign,structured_relation,llm_context,1,False,False
PB-050,confirmed_violation,benign,structured_relation,llm_context,1,False,False
PB-051,confirmed_violation,benign,,,0,False,False
PB-052,confirmed_violation,malicious,structured_relation,http_body,1,True,True
PB-053,confirmed_violation,malicious,structured_relation,http_body,1,True,True
PB-054,confirmed_violation,malicious,structured_relation,http_body,1,True,True
PB-055,confirmed_violation,benign,structured_relation,llm_context,1,False,False
PB-056,confirmed_violation,malicious,structured_relation,http_body,1,True,True
PB-057,confirmed_violation,malicious,structured_relation,http_body,1,True,True
PB-058,confirmed_violation,malicious,structured_relation,http_body,1,True,True
PB-059,confirmed_violation,malicious,structured_relation,http_body,1,True,True
PB-060,confirmed_violation,benign,structured_relation,llm_context,1,False,False
PB-061,confirmed_violation,benign,structured_relation,llm_context,1,False,False
PB-062,confirmed_violation,benign,structured_relation,llm_context,1,False,False
PB-063,confirmed_violation,benign,structured_relation,llm_context,1,False,False
PB-064,confirmed_violation,malicious,structured_relation,http_body,1,True,True
PB-065,confirmed_violation,malicious,structured_relation,http_body,1,True,True
PB-066,confirmed_violation,malicious,structured_relation,http_body,1,True,True
PB-067,confirmed_violation,malicious,,,0,False,False
PB-068,confirmed_violation,benign,structured_relation,llm_context,1,False,False
PB-069,confirmed_violation,malicious,,,0,False,False
PB-070,confirmed_violation,benign,structured_relation,http_body;llm_context,2,False,False
PB-071,confirmed_violation,malicious,structured_relation,http_body,1,True,True
PB-072,confirmed_violation,benign,structured_relation,llm_context,1,False,False
PB-073,confirmed_violation,malicious,structured_relation,http_body,1,True,True
PB-074,confirmed_violation,benign,structured_relation,llm_context,1,False,False
PB-075,confirmed_violation,benign,structured_relation,http_body;llm_context,2,False,False
PB-076,confirmed_violation,benign,structured_relation,llm_context,1,False,False
PB-077,confirmed_violation,malicious,,,0,False,False
PB-078,confirmed_violation,malicious,structured_relation,http_body,1,True,True
PB-079,confirmed_violation,malicious,,,0,False,False
PB-080,confirmed_violation,benign,structured_relation,llm_context,1,False,False
PB-081,confirmed_violation,benign,structured_relation,llm_context,1,False,False
PB-082,confirmed_violation,malicious,structured_relation,http_body,1,True,True
PB-083,confirmed_violation,malicious,structured_relation,http_body,1,True,True
PB-084,confirmed_violation,malicious,structured_relation,http_body,1,True,True
PB-085,confirmed_violation,malicious,,,0,False,False
PB-086,confirmed_violation,malicious,,,0,False,False
PB-087,confirmed_violation,benign,structured_relation,llm_context,1,False,False
PB-088,confirmed_violation,benign,structured_relation,llm_context,1,False,False
PB-089,confirmed_violation,benign,structured_relation,llm_context,1,False,False
PB-090,confirmed_violation,malicious,structured_relation,http_body,1,True,True
PB-091,confirmed_violation,malicious,structured_relation,http_body,1,True,True
PB-092,confirmed_violation,malicious,structured_relation,http_body,1,True,True
PB-093,confirmed_violation,benign,structured_relation,llm_context,1,False,False
PB-094,confirmed_violation,malicious,,,0,False,False
PB-095,confirmed_violation,benign,structured_relation,llm_context,1,False,False
PB-096,confirmed_violation,malicious,structured_relation,http_body,1,True,True
PB-097,confirmed_violation,malicious,structured_relation,http_body,1,True,True
PB-098,confirmed_violation,malicious,structured_relation,http_body,1,True,True
PB-099,confirmed_violation,malicious,structured_relation,http_body,1,True,True
PB-100,confirmed_violation,malicious,structured_relation,llm_context,1,False,False
PB-101,confirmed_violation,benign,structured_relation,llm_context,1,False,False
PB-102,confirmed_violation,benign,structured_relation,llm_context,1,False,False
PB-103,confirmed_violation,malicious,,,0,False,False
PB-104,confirmed_violation,malicious,structured_relation,http_body,1,True,True
PB-105,confirmed_violation,malicious,,,0,False,False
PB-106,confirmed_violation,malicious,structured_relation,http_body,1,True,True
PB-107,confirmed_violation,benign,structured_relation,llm_context,1,False,False
PB-108,confirmed_violation,malicious,structured_relation,http_body,1,True,True
PB-109,confirmed_violation,malicious,structured_relation,http_body,1,True,True
PB-110,confirmed_violation,malicious,structured_relation,http_body,1,True,True
PB-111,confirmed_violation,benign,structured_relation,llm_context,1,False,False
PB-112,confirmed_violation,malicious,structured_relation,http_body,1,True,True
PB-113,confirmed_violation,benign,structured_relation,llm_context,1,False,False
PB-114,confirmed_violation,benign,structured_relation,llm_context,1,False,False
PB-115,confirmed_violation,benign,structured_relation,llm_context,1,False,False
PB-116,confirmed_violation,malicious,structured_relation,http_body,1,True,True
PB-117,confirmed_violation,malicious,structured_relation,http_body,1,True,True
PB-118,confirmed_violation,malicious,structured_relation,http_body,1,True,True
PB-119,confirmed_violation,malicious,structured_relation,http_body,1,True,True
PB-120,confirmed_violation,benign,structured_relation,llm_context,1,False,False
PB-121,confirmed_violation,malicious,,,0,False,False
PB-122,confirmed_violation,malicious,,,0,False,False
PB-123,confirmed_violation,malicious,structured_relation,http_body,1,True,True
PB-124,confirmed_violation,benign,structured_relation,llm_context,1,False,False
PB-125,confirmed_violation,benign,structured_relation,llm_context,1,False,False
PB-126,confirmed_violation,benign,structured_relation,llm_context,1,False,False
PB-127,confirmed_violation,benign,structured_relation,llm_context,1,False,False
PB-128,confirmed_violation,malicious,structured_relation,http_body,1,True,True
PB-129,confirmed_violation,malicious,,,0,False,False
PB-130,confirmed_violation,malicious,structured_relation,http_body,1,True,True
PB-131,confirmed_violation,malicious,structured_relation,http_body,1,True,True
PB-132,confirmed_violation,benign,structured_relation,llm_context,1,False,False
PB-133,confirmed_violation,malicious,structured_relation,http_body,1,True,True
PB-134,confirmed_violation,malicious,structured_relation,http_body,1,True,True
PB-135,confirmed_violation,malicious,structured_relation,http_body,1,True,True
PB-136,confirmed_violation,malicious,structured_relation,http_body,1,True,True
PB-137,confirmed_violation,malicious,structured_relation,http_body,1,True,True
PB-138,confirmed_violation,benign,structured_relation,llm_context,1,False,False
PB-139,confirmed_violation,benign,structured_relation,llm_context,1,False,False
PB-140,confirmed_violation,benign,structured_relation,llm_context,1,False,False
PB-141,confirmed_violation,benign,,,0,False,False
PB-142,confirmed_violation,benign,structured_relation,llm_context,1,False,False
PB-143,confirmed_violation,malicious,structured_relation,http_body,1,True,True
PB-144,confirmed_violation,malicious,structured_relation,http_body,1,True,True
PB-145,confirmed_violation,benign,structured_relation,llm_context,1,False,False
PB-146,confirmed_violation,malicious,structured_relation,http_body,1,True,True
PB-147,confirmed_violation,malicious,structured_relation,http_body,1,True,True
PB-148,confirmed_violation,malicious,structured_relation,http_body,1,True,True
PB-149,confirmed_violation,malicious,structured_relation,http_body,1,True,True
PB-150,confirmed_violation,malicious,,,0,False,False
PB-151,confirmed_violation,benign,structured_relation,llm_context,1,False,False
PB-152,confirmed_violation,benign,structured_relation,llm_context,1,False,False
PB-153,confirmed_violation,benign,structured_relation,llm_context,1,False,False
PB-154,confirmed_violation,malicious,structured_relation,http_body,1,True,True
PB-155,confirmed_violation,malicious,structured_relation,http_body,1,True,True
PB-156,confirmed_violation,malicious,structured_relation,http_body,1,True,True
PB-157,confirmed_violation,benign,structured_relation,llm_context,1,False,False
PB-158,confirmed_violation,malicious,structured_relation,http_body,1,True,True
PB-159,confirmed_violation,malicious,structured_relation,http_body,1,True,True
PB-160,confirmed_violation,malicious,structured_relation,http_body,1,True,True
PB-161,confirmed_violation,malicious,structured_relation,http_body,1,True,True
PB-162,confirmed_violation,malicious,,,0,False,False
PB-163,confirmed_violation,malicious,structured_relation,http_body,1,True,True
PB-164,confirmed_violation,malicious,structured_relation,http_body,1,True,True
PB-165,confirmed_violation,benign,structured_relation,llm_context,1,False,False
PB-166,confirmed_violation,malicious,structured_relation,http_body,1,True,True
PB-167,confirmed_violation,malicious,structured_relation,http_body,1,True,True
PB-168,confirmed_violation,malicious,structured_relation,http_body,1,True,True
PB-169,confirmed_violation,malicious,structured_relation,http_body,1,True,True
PB-170,confirmed_violation,malicious,structured_relation,http_body,1,True,True
PB-171,confirmed_violation,benign,structured_relation,llm_context,1,False,False
PB-172,confirmed_violation,malicious,structured_relation,http_body,1,True,True
PB-173,confirmed_violation,malicious,structured_relation,http_body,1,True,True
PB-174,confirmed_violation,malicious,structured_relation,http_body,1,True,True
PB-175,confirmed_violation,malicious,structured_relation,http_body,1,True,True
PB-176,confirmed_violation,malicious,structured_relation,http_body,1,True,True
PB-177,confirmed_violation,malicious,structured_relation,http_body,1,True,True
PB-178,confirmed_violation,malicious,structured_relation,http_body,1,True,True
PB-179,confirmed_violation,malicious,structured_relation,http_body,1,True,True
PB-180,confirmed_violation,malicious,structured_relation,http_body,1,True,True
PB-181,confirmed_violation,malicious,structured_relation,http_body,1,True,True
PB-182,confirmed_violation,malicious,,,0,False,False
PB-183,confirmed_violation,malicious,structured_relation,http_body,1,True,True
PB-184,confirmed_violation,malicious,,,0,False,False
PB-185,confirmed_violation,malicious,,,0,False,False
PB-186,confirmed_violation,malicious,,,0,False,False
PB-187,confirmed_violation,malicious,,,0,False,False
PB-188,confirmed_violation,malicious,,,0,False,False
PB-189,confirmed_violation,malicious,structured_relation,http_body,1,True,True
PB-190,confirmed_violation,malicious,structured_relation,http_body,1,True,True
PB-191,confirmed_violation,malicious,structured_relation,http_body,1,True,True
PB-192,confirmed_violation,malicious,,,0,False,False
PB-193,confirmed_violation,malicious,,,0,False,False
PB-194,confirmed_violation,malicious,structured_relation,http_body,1,True,True
PB-195,confirmed_violation,malicious,structured_relation,http_body,1,True,True
PB-196,confirmed_violation,malicious,structured_relation,http_body,1,True,True
PB-197,confirmed_violation,malicious,structured_relation,http_body,1,True,True
PB-198,confirmed_violation,malicious,structured_relation,http_body,1,True,True
PB-199,confirmed_violation,malicious,structured_relation,http_body,1,True,True
PB-200,confirmed_violation,malicious,structured_relation,http_body,1,True,True
PB-201,confirmed_violation,malicious,,,0,False,False
PB-202,confirmed_violation,malicious,structured_relation,http_body,1,False,True
PB-203,confirmed_violation,malicious,structured_relation,http_body,1,True,True
PB-204,confirmed_violation,benign,structured_relation,llm_context,1,False,False
PB-205,confirmed_violation,benign,structured_relation,llm_context,1,False,False
PB-206,confirmed_violation,benign,structured_relation,llm_context,1,False,False
PB-207,confirmed_violation,malicious,structured_relation,http_body,1,True,True
PB-208,confirmed_violation,benign,structured_relation,llm_context,1,False,False
PB-209,confirmed_violation,malicious,structured_relation,http_body,1,True,True
PB-210,confirmed_violation,malicious,structured_relation,http_body,1,True,True
PB-211,confirmed_violation,benign,structured_relation,llm_context,1,False,False
PB-212,confirmed_violation,malicious,structured_relation,http_body,1,True,True
PB-213,confirmed_violation,malicious,structured_relation,http_body,1,True,True
PB-214,confirmed_violation,benign,structured_relation,llm_context,1,False,False
PB-215,confirmed_violation,malicious,structured_relation,http_body,1,True,True
PB-216,confirmed_violation,malicious,structured_relation,http_body,1,True,True
PB-217,confirmed_violation,benign,structured_relation,llm_context,1,False,False
PB-218,confirmed_violation,benign,structured_relation,llm_context,1,False,False
PB-219,confirmed_violation,benign,structured_relation,llm_context,1,False,False
PB-220,confirmed_violation,malicious,,,0,False,False
PB-221,confirmed_violation,malicious,structured_relation,http_body,1,True,True
PB-222,confirmed_violation,malicious,structured_relation,http_body,1,True,True
PB-223,confirmed_violation,malicious,structured_relation,http_body,1,True,True
PB-224,confirmed_violation,benign,structured_relation,llm_context,1,False,False
PB-225,confirmed_violation,malicious,,,0,False,False
PB-226,confirmed_violation,malicious,structured_relation,http_body,1,True,True
PB-227,confirmed_violation,malicious,structured_relation,http_body,1,True,True
PB-228,confirmed_violation,malicious,structured_relation,http_body,1,True,True
PB-229,confirmed_violation,malicious,,,0,False,False
PB-230,confirmed_violation,malicious,,,0,False,False
PB-231,confirmed_violation,malicious,,,0,False,False
PB-232,confirmed_violation,benign,structured_relation,llm_context,1,False,False
PB-233,confirmed_violation,malicious,structured_relation,http_body,1,True,True
PB-234,confirmed_violation,malicious,structured_relation,http_body,1,True,True
PB-235,confirmed_violation,malicious,structured_relation,http_body,1,True,True
PB-236,confirmed_violation,malicious,structured_relation,http_body,1,True,True
PB-237,confirmed_violation,benign,structured_relation,llm_context,1,False,False
PB-238,confirmed_violation,malicious,structured_relation,http_body,1,True,True
PB-239,confirmed_violation,malicious,structured_relation,http_body,1,True,True
PB-240,confirmed_violation,malicious,,,0,False,False
PB-241,confirmed_violation,malicious,structured_relation,http_body,1,True,True
PB-242,confirmed_violation,malicious,structured_relation,http_body,1,True,True
PB-243,confirmed_violation,benign,structured_relation,llm_context,1,False,False
PB-244,confirmed_violation,benign,structured_relation,llm_context,1,False,False
PB-245,confirmed_violation,malicious,structured_relation,http_body,1,True,True
PB-246,confirmed_violation,malicious,structured_relation,http_body,1,True,True
PB-247,confirmed_violation,malicious,structured_relation,http_body,1,True,True
PB-248,confirmed_violation,benign,structured_relation,llm_context,1,False,False
PB-249,confirmed_violation,benign,structured_relation,llm_context,1,False,False
PB-250,confirmed_violation,malicious,structured_relation,http_body,1,True,True
PB-251,confirmed_violation,malicious,structured_relation,http_body,1,True,True
PB-252,confirmed_violation,malicious,structured_relation,http_body,1,True,True
PB-253,confirmed_violation,malicious,structured_relation,http_body,1,True,True
PB-254,confirmed_violation,malicious,structured_relation,http_body,1,True,True
PB-255,confirmed_violation,benign,structured_relation,llm_context,1,False,False
PB-256,confirmed_violation,benign,structured_relation,llm_context,1,False,False
PB-257,confirmed_violation,benign,structured_relation,llm_context,1,False,False
PB-258,confirmed_violation,malicious,structured_relation,http_body,1,True,True
PB-259,confirmed_violation,malicious,structured_relation,http_body,1,True,True
PB-260,confirmed_violation,malicious,structured_relation,http_body,1,True,True
PB-261,confirmed_violation,malicious,structured_relation,http_body,1,True,True
PB-262,confirmed_violation,malicious,,,0,False,False
PB-263,confirmed_violation,malicious,structured_relation,http_body,1,True,True
PB-264,confirmed_violation,malicious,structured_relation,http_body,1,True,True
PB-265,confirmed_violation,malicious,structured_relation,http_body,1,True,True
PB-266,confirmed_violation,malicious,structured_relation,http_body,1,True,True
PB-267,confirmed_violation,malicious,structured_relation,http_body,1,True,True
PB-268,confirmed_violation,benign,structured_relation,llm_context,1,False,False
PB-269,confirmed_violation,benign,structured_relation,llm_context,1,False,False
PB-270,confirmed_violation,benign,structured_relation,llm_context,1,False,False
PB-271,confirmed_violation,malicious,structured_relation,http_body,1,True,True
PB-272,confirmed_violation,malicious,structured_relation,http_body,1,True,True
PB-273,confirmed_violation,malicious,structured_relation,http_body,1,True,True
PB-274,confirmed_violation,malicious,structured_relation,http_body,1,True,True
PB-275,confirmed_violation,benign,structured_relation,llm_context,1,False,False
PB-276,confirmed_violation,malicious,structured_relation,http_body,1,True,True
PB-277,confirmed_violation,malicious,structured_relation,http_body,1,True,True
PB-278,confirmed_violation,malicious,structured_relation,http_body,1,True,True
PB-279,confirmed_violation,malicious,structured_relation,http_body,1,True,True
PB-280,confirmed_violation,malicious,structured_relation,http_body,1,True,True
PB-281,confirmed_violation,benign,structured_relation,llm_context,1,False,False
PB-282,confirmed_violation,benign,structured_relation,llm_context,1,False,False
PB-283,confirmed_violation,benign,structured_relation,http_body;llm_context,2,False,False
PB-284,confirmed_violation,malicious,structured_relation,http_body,1,True,True
PB-285,confirmed_violation,malicious,structured_relation,http_body,1,True,True
PB-286,confirmed_violation,malicious,structured_relation,http_body,1,True,True
PB-287,confirmed_violation,malicious,structured_relation,http_body,1,True,True
PB-288,confirmed_violation,benign,structured_relation,llm_context,1,False,False
PB-289,confirmed_violation,malicious,structured_relation,http_body,1,True,True
PB-290,confirmed_violation,malicious,structured_relation,http_body,1,True,True
PB-291,confirmed_violation,malicious,structured_relation,http_body,1,True,True
PB-292,confirmed_violation,malicious,structured_relation,http_body,1,True,True
PB-293,confirmed_violation,benign,structured_relation,llm_context,1,False,False
PB-294,confirmed_violation,benign,structured_relation,llm_context,1,False,False
PB-295,confirmed_violation,benign,structured_relation,llm_context,1,False,False
PB-296,confirmed_violation,benign,structured_relation,llm_context,1,False,False
PB-297,confirmed_violation,malicious,structured_relation,http_body,1,True,True
PB-298,confirmed_violation,benign,structured_relation,llm_context,1,False,False
PB-299,confirmed_violation,malicious,,,0,False,False
PB-300,confirmed_violation,malicious,structured_relation,http_body,1,True,True
PB-301,confirmed_violation,benign,structured_relation,llm_context,1,False,False
PB-302,confirmed_violation,malicious,structured_relation,http_body,1,True,True
PB-303,confirmed_violation,malicious,structured_relation,http_body,1,True,True
PB-304,confirmed_violation,malicious,structured_relation,http_body,1,True,True
PB-305,confirmed_violation,malicious,structured_relation,http_body,1,True,True
PB-306,confirmed_violation,malicious,structured_relation,http_body,1,True,True
PB-307,confirmed_violation,malicious,,,0,False,False
PB-308,confirmed_violation,benign,structured_relation,llm_context,1,False,False
PB-309,confirmed_violation,benign,structured_relation,llm_context,1,False,False
PB-310,confirmed_violation,malicious,structured_relation,http_body,1,True,True
PB-311,confirmed_violation,malicious,structured_relation,http_body,1,True,True
PB-312,confirmed_violation,malicious,structured_relation,http_body,1,True,True
PB-313,confirmed_violation,malicious,,,0,False,False
PB-314,confirmed_violation,benign,structured_relation,llm_context,1,False,False
PB-315,confirmed_violation,malicious,structured_relation,http_body,1,True,True
PB-316,confirmed_violation,malicious,structured_relation,http_body,1,True,True
PB-317,confirmed_violation,malicious,structured_relation,http_body,1,True,True
PB-318,confirmed_violation,malicious,structured_relation,http_body,1,True,True
PB-319,confirmed_violation,malicious,structured_relation,http_body,1,True,True
PB-320,confirmed_violation,benign,structured_relation,llm_context,1,False,False
PB-321,confirmed_violation,benign,structured_relation,llm_context,1,False,False
PB-322,confirmed_violation,benign,structured_relation,llm_context,1,False,False
PB-323,confirmed_violation,malicious,structured_relation,http_body,1,True,True
PB-324,confirmed_violation,malicious,structured_relation,http_body,1,True,True
PB-325,confirmed_violation,malicious,structured_relation,http_body,1,True,True
PB-326,confirmed_violation,malicious,structured_relation,http_body,1,True,True
PB-327,confirmed_violation,malicious,,,0,False,False
PB-328,confirmed_violation,malicious,structured_relation,http_body,1,True,True
PB-329,confirmed_violation,malicious,,,0,False,False
PB-330,confirmed_violation,malicious,structured_relation,http_body,1,True,True
PB-331,confirmed_violation,malicious,structured_relation,http_body,1,True,True
PB-332,confirmed_violation,malicious,structured_relation,http_body,1,True,True
PB-333,confirmed_violation,malicious,structured_relation,llm_context,1,False,False
PB-334,confirmed_violation,benign,structured_relation,llm_context,1,False,False
PB-335,confirmed_violation,benign,structured_relation,llm_context,1,False,False
PB-336,confirmed_violation,malicious,structured_relation,http_body,1,True,True
PB-337,confirmed_violation,malicious,structured_relation,http_body,1,True,True
PB-338,confirmed_violation,malicious,structured_relation,http_body,1,True,True
PB-339,confirmed_violation,benign,structured_relation,llm_context,1,False,False
PB-340,confirmed_violation,malicious,structured_relation,http_body,1,True,True
PB-341,confirmed_violation,malicious,structured_relation,http_body,1,True,True
PB-342,confirmed_violation,malicious,structured_relation,http_body,1,True,True
PB-343,confirmed_violation,malicious,structured_relation,http_body,1,True,True
PB-344,confirmed_violation,malicious,structured_relation,http_body,1,True,True
PB-345,confirmed_violation,benign,structured_relation,llm_context,1,False,False
PB-346,confirmed_violation,benign,structured_relation,llm_context,1,False,False
PB-347,confirmed_violation,benign,structured_relation,llm_context,1,False,False
PB-348,confirmed_violation,malicious,structured_relation,http_body,1,True,True
PB-349,confirmed_violation,malicious,structured_relation,http_body,1,True,True
PB-350,confirmed_violation,malicious,structured_relation,http_body,1,True,True
PB-351,confirmed_violation,benign,structured_relation,llm_context,1,False,False
PB-352,confirmed_violation,malicious,structured_relation,http_body,1,True,True
PB-353,confirmed_violation,malicious,structured_relation,http_body,1,True,True
PB-354,confirmed_violation,malicious,structured_relation,http_body,1,True,True
PB-355,confirmed_violation,malicious,structured_relation,http_body,1,True,True
PB-356,confirmed_violation,malicious,structured_relation,http_body,1,True,True
PB-357,confirmed_violation,benign,structured_relation,llm_context,1,False,False
PB-358,confirmed_violation,benign,structured_relation,llm_context,1,False,False
PB-359,confirmed_violation,benign,structured_relation,llm_context,1,False,False
PB-360,confirmed_violation,malicious,structured_relation,http_body,1,True,True
PB-361,confirmed_violation,malicious,structured_relation,http_body,1,True,True
PB-362,confirmed_violation,malicious,structured_relation,http_body,1,True,True
PB-363,confirmed_violation,malicious,structured_relation,http_body,1,True,True
PB-364,confirmed_violation,malicious,structured_relation,http_body,1,True,True
PB-365,confirmed_violation,malicious,structured_relation,http_body,1,True,True
PB-366,confirmed_violation,malicious,structured_relation,http_body,1,True,True
PB-367,confirmed_violation,malicious,structured_relation,http_body,1,True,True
PB-368,confirmed_violation,malicious,structured_relation,http_body,1,True,True
PB-369,confirmed_violation,malicious,structured_relation,http_body,1,True,True
PB-370,confirmed_violation,malicious,structured_relation,http_body,1,True,True
PB-371,confirmed_violation,malicious,structured_relation,http_body,1,True,True
PB-372,confirmed_violation,malicious,structured_relation,http_body,1,True,True
PB-373,confirmed_violation,malicious,structured_relation,http_body,1,True,True
PB-374,confirmed_violation,malicious,structured_relation,http_body,1,True,True
PB-375,confirmed_violation,malicious,structured_relation,http_body,1,True,True
PB-376,confirmed_violation,malicious,structured_relation,http_body,1,True,True
PB-377,confirmed_violation,malicious,structured_relation,http_body,1,True,True
PB-378,confirmed_violation,malicious,structured_relation,http_body,1,True,True
PB-379,confirmed_violation,malicious,structured_relation,http_body,1,True,True
PB-380,confirmed_violation,malicious,structured_relation,http_body,1,True,True
PB-381,confirmed_violation,malicious,structured_relation,http_body,1,True,True
PB-382,confirmed_violation,malicious,structured_relation,http_body,1,True,True
PB-383,confirmed_violation,malicious,structured_relation,http_body,1,True,True
PB-384,confirmed_violation,malicious,structured_relation,http_body,1,True,True
PB-385,confirmed_violation,malicious,structured_relation,http_body,1,True,True
PB-386,confirmed_violation,malicious,structured_relation,http_body,1,True,True
PB-387,confirmed_violation,malicious,structured_relation,http_body,1,True,True
PB-388,confirmed_violation,malicious,structured_relation,http_body,1,True,True
PB-389,confirmed_violation,malicious,structured_relation,http_body,1,True,True
PB-390,confirmed_violation,malicious,,,0,False,False
PB-391,confirmed_violation,malicious,structured_relation,http_body,1,True,True
PB-392,confirmed_violation,malicious,structured_relation,http_body,1,True,True
PB-393,confirmed_violation,malicious,structured_relation,http_body,1,True,True
PB-394,confirmed_violation,malicious,structured_relation,http_body,1,True,True
PB-395,confirmed_violation,malicious,structured_relation,http_body,1,True,True
PB-396,confirmed_violation,malicious,structured_relation,http_body,1,True,True
PB-397,confirmed_violation,malicious,structured_relation,http_body,1,True,True
PB-398,confirmed_violation,malicious,structured_relation,http_body,1,True,True
PB-399,benign_lookalike,benign,,,0,False,False
PB-400,benign_lookalike,benign,,,0,False,False
PB-401,benign_lookalike,benign,,,0,False,False
PB-402,benign_lookalike,benign,,,0,False,False
PB-403,benign_lookalike,benign,,,0,False,False
PB-404,benign_lookalike,benign,,,0,False,False
PB-405,benign_lookalike,benign,,,0,False,False
PB-406,benign_lookalike,benign,,,0,False,False
PB-407,benign_lookalike,benign,,,0,False,False
PB-408,benign_lookalike,benign,,,0,False,False
PB-409,benign_lookalike,benign,,,0,False,False
PB-410,benign_lookalike,benign,,,0,False,False
PB-411,benign_lookalike,benign,,,0,False,False
PB-412,benign_lookalike,benign,,,0,False,False
PB-413,benign_lookalike,benign,,,0,False,False
PB-414,benign_lookalike,benign,,,0,False,False
PB-415,benign_lookalike,benign,,,0,False,False
PB-416,benign_lookalike,benign,,,0,False,False
PB-417,benign_lookalike,benign,,,0,False,False
PB-418,benign_lookalike,benign,,,0,False,False
PB-419,benign_lookalike,benign,,,0,False,False
PB-420,benign_lookalike,benign,,,0,False,False
PB-421,benign_lookalike,benign,,,0,False,False
PB-422,benign_lookalike,benign,,,0,False,False
PB-423,benign_lookalike,benign,,,0,False,False
PB-424,benign_lookalike,benign,,,0,False,False
PB-425,benign_lookalike,benign,,,0,False,False
PB-426,benign_lookalike,benign,,,0,False,False
PB-427,benign_lookalike,benign,,,0,False,False
PB-428,benign_lookalike,benign,,,0,False,False
PB-429,benign_lookalike,benign,,,0,False,False
PB-430,benign_lookalike,benign,,,0,False,False
PB-431,benign_lookalike,benign,,,0,False,False
PB-432,benign_lookalike,benign,,,0,False,False
PB-433,benign_lookalike,benign,,,0,False,False
PB-434,benign_lookalike,benign,,,0,False,False
PB-435,benign_lookalike,benign,,,0,False,False
PB-436,benign_lookalike,benign,,,0,False,False
PB-437,benign_lookalike,benign,,,0,False,False
PB-438,benign_lookalike,benign,,,0,False,False
PB-439,benign_lookalike,benign,,,0,False,False
PB-440,benign_lookalike,benign,,,0,False,False
PB-441,benign_lookalike,benign,,,0,False,False
PB-442,benign_lookalike,benign,,,0,False,False
PB-443,benign_lookalike,benign,,,0,False,False
PB-444,benign_lookalike,benign,,,0,False,False
PB-445,benign_lookalike,benign,,,0,False,False
PB-446,benign_lookalike,benign,,,0,False,False
PB-447,benign_lookalike,benign,,,0,False,False
PB-448,benign_lookalike,benign,,,0,False,False
PB-449,benign_lookalike,benign,,,0,False,False
PB-450,benign_lookalike,benign,,,0,False,False
PB-451,benign_lookalike,benign,,,0,False,False
PB-452,benign_lookalike,benign,,,0,False,False
PB-453,benign_lookalike,benign,,,0,False,False
PB-454,benign_lookalike,benign,,,0,False,False
PB-455,benign_lookalike,benign,,,0,False,False
PB-456,benign_lookalike,benign,,,0,False,False
PB-457,benign_lookalike,benign,,,0,False,False
PB-458,benign_lookalike,benign,,,0,False,False
PB-459,benign_lookalike,benign,,,0,False,False
PB-460,benign_lookalike,benign,,,0,False,False
PB-461,benign_lookalike,benign,,,0,False,False
PB-462,benign_lookalike,benign,,,0,False,False
PB-463,benign_lookalike,benign,,,0,False,False
PB-464,benign_lookalike,benign,,,0,False,False
PB-465,benign_lookalike,benign,,,0,False,False
PB-466,benign_lookalike,benign,,,0,False,False
PB-467,benign_lookalike,benign,,,0,False,False
PB-468,benign_lookalike,benign,,,0,False,False
PB-469,benign_lookalike,benign,,,0,False,False
PB-470,benign_lookalike,benign,,,0,False,False
PB-471,benign_lookalike,benign,,,0,False,False
PB-472,benign_lookalike,benign,,,0,False,False
PB-473,benign_lookalike,benign,,,0,False,False
PB-474,benign_lookalike,benign,,,0,False,False
PB-475,benign_lookalike,benign,,,0,False,False
PB-476,benign_lookalike,benign,,,0,False,False
PB-477,benign_lookalike,benign,,,0,False,False
PB-478,benign_lookalike,benign,,,0,False,False
PB-479,benign_lookalike,benign,,,0,False,False
PB-480,benign_lookalike,benign,,,0,False,False
PB-481,benign_lookalike,benign,,,0,False,False
PB-482,benign_lookalike,benign,,,0,False,False
PB-483,benign_lookalike,benign,,,0,False,False
PB-484,benign_lookalike,benign,,,0,False,False
PB-485,benign_lookalike,benign,,,0,False,False
PB-486,benign_lookalike,benign,,,0,False,False
PB-487,benign_lookalike,benign,,,0,False,False
PB-488,benign_lookalike,benign,,,0,False,False
PB-489,benign_lookalike,benign,,,0,False,False
PB-490,benign_lookalike,benign,,,0,False,False
PB-491,benign_lookalike,benign,,,0,False,False
PB-492,benign_lookalike,benign,,,0,False,False
PB-493,benign_lookalike,benign,,,0,False,False
PB-494,benign_lookalike,benign,,,0,False,False
PB-495,benign_lookalike,benign,,,0,False,False
PB-496,benign_lookalike,benign,,,0,False,False
PB-497,benign_lookalike,benign,,,0,False,False
PB-498,benign_lookalike,benign,,,0,False,False
PB-499,benign_lookalike,benign,,,0,False,False
PB-500,benign_lookalike,benign,,,0,False,False
PB-501,benign_lookalike,benign,,,0,False,False
PB-502,benign_lookalike,benign,,,0,False,False
PB-503,benign_lookalike,benign,,,0,False,False
PB-504,benign_lookalike,benign,,,0,False,False
PB-505,benign_lookalike,benign,,,0,False,False
PB-506,benign_lookalike,benign,,,0,False,False
PB-507,benign_lookalike,benign,,,0,False,False
PB-508,benign_lookalike,benign,,,0,False,False
PB-509,benign_lookalike,benign,,,0,False,False
PB-510,benign_lookalike,benign,,,0,False,False
PB-511,benign_lookalike,benign,,,0,False,False
PB-512,benign_lookalike,benign,,,0,False,False
PB-513,benign_lookalike,benign,,,0,False,False
PB-514,benign_lookalike,benign,,,0,False,False
PB-515,benign_lookalike,benign,,,0,False,False
PB-516,benign_lookalike,benign,,,0,False,False
PB-517,benign_lookalike,benign,,,0,False,False
PB-518,benign_lookalike,benign,,,0,False,False
PB-519,benign_lookalike,benign,,,0,False,False
PB-520,benign_lookalike,benign,,,0,False,False
PB-521,trusted_allowed,benign,,,0,False,False
PB-522,benign_lookalike,benign,,,0,False,False
PB-523,benign_lookalike,benign,,,0,False,False
PB-524,benign_lookalike,benign,,,0,False,False
PB-525,benign_lookalike,benign,,,0,False,False
PB-526,benign_lookalike,benign,,,0,False,False
PB-527,benign_lookalike,benign,,,0,False,False
PB-528,benign_lookalike,benign,,,0,False,False
PB-529,benign_lookalike,benign,,,0,False,False
PB-530,benign_lookalike,benign,,,0,False,False
PB-531,benign_lookalike,benign,,,0,False,False
PB-532,benign_lookalike,benign,,,0,False,False
PB-533,benign_lookalike,benign,,,0,False,False
PB-534,trusted_allowed,malicious,structured_relation,http_body,1,False,True
PB-535,benign_lookalike,benign,,,0,False,False
PB-536,benign_lookalike,benign,,,0,False,False
PB-537,benign_lookalike,benign,,,0,False,False
PB-538,benign_lookalike,benign,,,0,False,False
PB-539,benign_lookalike,benign,,,0,False,False
PB-540,benign_lookalike,benign,,,0,False,False
PB-541,trusted_allowed,benign,,,0,False,False
PB-542,trusted_allowed,benign,,,0,False,False
PB-543,trusted_allowed,benign,,,0,False,False
PB-544,trusted_allowed,malicious,structured_relation,http_body,1,False,True
PB-545,trusted_allowed,malicious,structured_relation,http_body,1,False,True
PB-546,trusted_allowed,malicious,structured_relation,http_body,1,False,True
PB-547,trusted_allowed,malicious,structured_relation,http_body,1,False,True
PB-548,trusted_allowed,benign,,,0,False,False
PB-549,benign_lookalike,benign,,,0,False,False
PB-550,benign_lookalike,benign,,,0,False,False
PB-551,benign_lookalike,benign,,,0,False,False
PB-552,benign_lookalike,benign,,,0,False,False
PB-553,benign_lookalike,benign,,,0,False,False
PB-554,trusted_allowed,benign,,,0,False,False
PB-555,trusted_allowed,benign,,,0,False,False
PB-556,trusted_allowed,benign,,,0,False,False
PB-557,trusted_allowed,benign,,,0,False,False
PB-558,trusted_allowed,malicious,structured_relation,http_body,1,False,True
PB-559,trusted_allowed,malicious,structured_relation,http_body,1,False,True
PB-560,trusted_allowed,malicious,structured_relation,http_body,1,False,True
PB-561,trusted_allowed,benign,,,0,False,False
PB-562,benign_lookalike,benign,,,0,False,False
PB-563,benign_lookalike,benign,,,0,False,False
PB-564,benign_lookalike,benign,,,0,False,False
PB-565,benign_lookalike,benign,,,0,False,False
PB-566,trusted_allowed,benign,,,0,False,False
PB-567,trusted_allowed,benign,,,0,False,False
PB-568,trusted_allowed,benign,,,0,False,False
PB-569,trusted_allowed,benign,,,0,False,False
PB-570,trusted_allowed,benign,,,0,False,False
PB-571,trusted_allowed,malicious,structured_relation,http_body,1,False,True
PB-572,trusted_allowed,malicious,structured_relation,http_body,1,False,True
PB-573,trusted_allowed,benign,,,0,False,False
PB-574,benign_lookalike,benign,,,0,False,False
PB-575,benign_lookalike,benign,,,0,False,False
PB-576,trusted_allowed,malicious,structured_relation,http_body,1,False,True
PB-577,trusted_allowed,malicious,structured_relation,http_body,1,False,True
PB-578,benign_lookalike,benign,,,0,False,False
PB-579,trusted_allowed,benign,,,0,False,False
PB-580,trusted_allowed,benign,,,0,False,False
PB-581,trusted_allowed,benign,,,0,False,False
PB-582,trusted_allowed,benign,,,0,False,False
PB-583,trusted_allowed,benign,,,0,False,False
PB-584,trusted_allowed,malicious,structured_relation,http_body,1,False,True
PB-585,trusted_allowed,benign,,,0,False,False
PB-586,trusted_allowed,benign,,,0,False,False
PB-587,benign_lookalike,benign,,,0,False,False
PB-588,benign_lookalike,benign,,,0,False,False
PB-589,trusted_allowed,malicious,structured_relation,http_body,1,False,True
PB-590,trusted_allowed,malicious,structured_relation,http_body,1,False,True
PB-591,benign_lookalike,benign,,,0,False,False
PB-592,trusted_allowed,benign,,,0,False,False
PB-593,trusted_allowed,benign,,,0,False,False
PB-594,trusted_allowed,benign,,,0,False,False
PB-595,trusted_allowed,malicious,structured_relation,http_body,1,False,True
PB-596,trusted_allowed,benign,,,0,False,False
PB-597,trusted_allowed,malicious,structured_relation,http_body,1,False,True
PB-598,review_coverage,benign,,,0,False,False
PB-599,trusted_allowed,benign,,,0,False,False
PB-600,benign_lookalike,benign,,,0,False,False
PB-601,benign_lookalike,benign,,,0,False,False
PB-602,trusted_allowed,malicious,structured_relation,http_body,1,False,True
PB-603,trusted_allowed,benign,,,0,False,False
PB-604,benign_lookalike,benign,,,0,False,False
PB-605,trusted_allowed,benign,,,0,False,False
PB-606,trusted_allowed,benign,,,0,False,False
PB-607,trusted_allowed,benign,,,0,False,False
PB-608,trusted_allowed,benign,,,0,False,False
PB-609,trusted_allowed,malicious,structured_relation,http_body,1,False,True
PB-610,trusted_allowed,benign,,,0,False,False
PB-611,review_coverage,benign,,,0,False,False
PB-612,trusted_allowed,benign,,,0,False,False
PB-613,benign_lookalike,benign,,,0,False,False
PB-614,trusted_allowed,malicious,structured_relation,http_body,1,False,True
PB-615,trusted_allowed,malicious,structured_relation,http_body,1,False,True
PB-616,trusted_allowed,benign,,,0,False,False
PB-617,trusted_allowed,benign,,,0,False,False
PB-618,trusted_allowed,benign,,,0,False,False
PB-619,trusted_allowed,benign,,,0,False,False
PB-620,trusted_allowed,benign,,,0,False,False
PB-621,trusted_allowed,benign,,,0,False,False
PB-622,trusted_allowed,malicious,structured_relation,http_body,1,False,True
PB-623,trusted_allowed,malicious,structured_relation,http_body,1,False,True
PB-624,review_coverage,benign,,,0,False,False
PB-625,trusted_allowed,benign,,,0,False,False
PB-626,benign_lookalike,benign,,,0,False,False
PB-627,trusted_allowed,benign,,,0,False,False
PB-628,trusted_allowed,benign,,,0,False,False
PB-629,trusted_allowed,benign,,,0,False,False
PB-630,trusted_allowed,benign,,,0,False,False
PB-631,trusted_allowed,benign,,,0,False,False
PB-632,trusted_allowed,benign,,,0,False,False
PB-633,trusted_allowed,benign,,,0,False,False
PB-634,trusted_allowed,malicious,structured_relation,http_body,1,False,True
PB-635,trusted_allowed,benign,,,0,False,False
PB-636,review_coverage,benign,,,0,False,False
PB-637,trusted_allowed,benign,,,0,False,False
PB-638,benign_lookalike,benign,,,0,False,False
PB-639,trusted_allowed,benign,,,0,False,False
PB-640,trusted_allowed,benign,,,0,False,False
PB-641,trusted_allowed,malicious,structured_relation,http_body,1,False,True
PB-642,trusted_allowed,benign,,,0,False,False
PB-643,review_coverage,benign,,,0,False,False
PB-644,review_coverage,benign,,,0,False,False
PB-645,review_coverage,benign,,,0,False,False
PB-646,review_coverage,benign,,,0,False,False
PB-647,review_coverage,benign,,,0,False,False
PB-648,review_coverage,benign,,,0,False,False
PB-649,review_coverage,benign,,,0,False,False
PB-650,benign_lookalike,benign,,,0,False,False
PB-651,trusted_allowed,malicious,structured_relation,http_body,1,False,True
PB-652,trusted_allowed,benign,,,0,False,False
PB-653,trusted_allowed,benign,,,0,False,False
PB-654,review_coverage,benign,,,0,False,False
PB-655,review_coverage,benign,,,0,False,False
PB-656,review_coverage,benign,,,0,False,False
PB-657,review_coverage,benign,,,0,False,False
PB-658,review_coverage,benign,,,0,False,False
PB-659,review_coverage,benign,,,0,False,False
PB-660,review_coverage,benign,,,0,False,False
PB-661,benign_lookalike,benign,,,0,False,False
PB-662,trusted_allowed,malicious,structured_relation,http_body,1,False,True
PB-663,trusted_allowed,malicious,structured_relation,http_body,1,False,True
PB-664,trusted_allowed,malicious,structured_relation,http_body,1,False,True
PB-665,trusted_allowed,malicious,structured_relation,http_body,1,False,True
PB-666,review_coverage,benign,,,0,False,False
PB-667,review_coverage,benign,,,0,False,False
PB-668,review_coverage,benign,,,0,False,False
PB-669,review_coverage,benign,,,0,False,False
PB-670,review_coverage,benign,,,0,False,False
PB-671,review_coverage,benign,,,0,False,False
PB-672,review_coverage,benign,,,0,False,False
PB-673,benign_lookalike,benign,,,0,False,False
PB-674,trusted_allowed,benign,,,0,False,False
PB-675,trusted_allowed,benign,,,0,False,False
PB-676,trusted_allowed,benign,,,0,False,False
PB-677,trusted_allowed,malicious,structured_relation,http_body,1,False,True
PB-678,review_coverage,benign,,,0,False,False
PB-679,review_coverage,benign,,,0,False,False
PB-680,review_coverage,benign,,,0,False,False
PB-681,review_coverage,benign,,,0,False,False
PB-682,review_coverage,benign,,,0,False,False
PB-683,review_coverage,benign,,,0,False,False
PB-684,benign_lookalike,benign,,,0,False,False
PB-685,trusted_allowed,malicious,structured_relation,http_body,1,False,True
PB-686,review_coverage,benign,,,0,False,False
PB-687,review_coverage,benign,,,0,False,False
PB-688,trusted_allowed,benign,,,0,False,False
PB-689,review_coverage,benign,,,0,False,False
PB-690,review_coverage,benign,,,0,False,False
PB-691,review_coverage,benign,,,0,False,False
PB-692,review_coverage,benign,,,0,False,False
PB-693,review_coverage,benign,,,0,False,False
PB-694,review_coverage,benign,,,0,False,False
PB-695,review_coverage,benign,,,0,False,False
PB-696,benign_lookalike,benign,,,0,False,False
PB-697,trusted_allowed,benign,,,0,False,False
PB-698,review_coverage,benign,,,0,False,False
PB-699,review_coverage,benign,,,0,False,False
PB-700,trusted_allowed,benign,,,0,False,False
PB-701,benign_lookalike,benign,,,0,False,False
PB-702,trusted_allowed,malicious,structured_relation,http_body,1,False,True
PB-703,review_coverage,benign,,,0,False,False
PB-704,review_coverage,benign,,,0,False,False
PB-705,trusted_allowed,benign,,,0,False,False
PB-706,benign_lookalike,benign,,,0,False,False
PB-707,trusted_allowed,malicious,structured_relation,http_body,1,False,True
PB-708,review_coverage,benign,,,0,False,False
PB-709,review_coverage,benign,,,0,False,False
PB-710,trusted_allowed,benign,,,0,False,False
PB-711,benign_lookalike,benign,,,0,False,False
PB-712,review_coverage,benign,,,0,False,False
PB-713,review_coverage,benign,,,0,False,False
PB-714,review_coverage,benign,,,0,False,False
PB-715,review_coverage,benign,,,0,False,False
PB-716,benign_lookalike,benign,,,0,False,False
PB-717,review_coverage,benign,,,0,False,False
PB-718,review_coverage,benign,,,0,False,False
PB-719,review_coverage,benign,,,0,False,False
PB-720,review_coverage,benign,,,0,False,False
PB-721,benign_lookalike,benign,,,0,False,False
PB-722,review_coverage,benign,,,0,False,False
PB-723,review_coverage,benign,,,0,False,False
PB-724,benign_lookalike,benign,,,0,False,False
PB-725,review_coverage,benign,,,0,False,False
PB-726,review_coverage,benign,,,0,False,False
PB-727,benign_lookalike,benign,,,0,False,False
PB-728,review_coverage,benign,,,0,False,False
PB-729,review_coverage,benign,,,0,False,False
PB-730,benign_lookalike,benign,,,0,False,False
PB-731,review_coverage,benign,,,0,False,False
PB-732,review_coverage,benign,,,0,False,False
PB-733,benign_lookalike,benign,,,0,False,False
PB-734,review_coverage,benign,,,0,False,False
PB-735,review_coverage,benign,,,0,False,False
PB-736,benign_lookalike,benign,,,0,False,False
PB-737,benign_lookalike,benign,,,0,False,False
PB-738,benign_lookalike,benign,,,0,False,False
PB-739,benign_lookalike,benign,,,0,False,False
PB-740,trusted_allowed,benign,,,0,False,False
PB-741,trusted_allowed,benign,,,0,False,False
PB-742,trusted_allowed,benign,,,0,False,False
PB-743,trusted_allowed,malicious,structured_relation,http_body,1,False,True
PB-744,trusted_allowed,benign,,,0,False,False
PB-745,trusted_allowed,benign,,,0,False,False
PB-746,trusted_allowed,benign,,,0,False,False
PB-747,trusted_allowed,benign,,,0,False,False
PB-748,trusted_allowed,benign,,,0,False,False
PB-749,trusted_allowed,benign,,,0,False,False
PB-750,trusted_allowed,malicious,structured_relation,http_body,1,False,True
PB-751,trusted_allowed,benign,,,0,False,False
PB-752,trusted_allowed,benign,,,0,False,False
PB-753,trusted_allowed,benign,,,0,False,False
PB-754,trusted_allowed,benign,,,0,False,False
PB-755,trusted_allowed,malicious,structured_relation,http_body,1,False,True
PB-756,trusted_allowed,benign,,,0,False,False
PB-757,trusted_allowed,malicious,structured_relation,http_body,1,False,True
PB-758,trusted_allowed,benign,,,0,False,False
PB-759,trusted_allowed,benign,,,0,False,False
PB-760,trusted_allowed,malicious,structured_relation,http_body,1,False,True
PB-761,trusted_allowed,benign,,,0,False,False
PB-762,review_coverage,benign,,,0,False,False
PB-763,review_coverage,benign,,,0,False,False
PB-764,review_coverage,benign,,,0,False,False
PB-765,review_coverage,benign,,,0,False,False
PB-766,review_coverage,benign,,,0,False,False
PB-767,review_coverage,benign,,,0,False,False
PB-768,review_coverage,benign,,,0,False,False
PB-769,review_coverage,benign,,,0,False,False
PB-770,review_coverage,benign,,,0,False,False
PB-771,review_coverage,benign,,,0,False,False
PB-772,review_coverage,benign,,,0,False,False
PB-773,review_coverage,benign,,,0,False,False
PB-774,review_coverage,benign,,,0,False,False
PB-775,review_coverage,benign,,,0,False,False
PB-776,review_coverage,benign,,,0,False,False
