sample_id,alignment_count,aligned,partially_aligned,relevant_unresolved,internal_unresolved,aligned_paths,runtime_only_paths,instruction_only_paths
BV3-0001,1215,329,0,447,439,0,2,1
BV3-0002,1085,286,5,357,437,0,2,1
BV3-0003,757,217,0,109,431,0,12,1
BV3-0004,1188,303,0,443,442,0,2,1
BV3-0005,1256,334,0,481,441,0,2,1
BV3-0006,992,253,0,300,439,0,2,1
BV3-0007,983,251,0,294,438,0,2,1
BV3-0008,1190,320,7,410,453,0,1,2
BV3-0009,1315,369,0,491,455,0,1,1
BV3-0010,1942,615,0,866,461,0,1,1
BV3-0011,1190,320,7,410,453,0,1,1
BV3-0012,757,217,0,109,431,0,12,1
BV3-0013,978,252,0,289,437,0,2,1
BV3-0014,757,217,0,109,431,0,12,1
BV3-0015,1044,258,0,347,439,0,2,1
BV3-0016,1361,398,0,509,454,0,1,1
BV3-0017,1005,255,2,310,438,2,39,1
BV3-0018,1030,260,2,329,439,2,42,1
BV3-0019,1170,320,2,353,495,2,42,0
BV3-0020,1049,261,0,349,439,0,2,1
BV3-0021,1264,341,0,483,440,0,2,1
BV3-0022,982,251,0,293,438,0,2,1
BV3-0023,1263,341,0,481,441,0,2,1
BV3-0024,1004,255,0,311,438,0,2,1
BV3-0025,1169,321,0,397,451,0,2,3
BV3-0026,1190,322,7,408,453,0,1,1
BV3-0027,972,249,0,286,437,0,2,1
BV3-0028,977,252,0,288,437,0,2,1
BV3-0029,878,235,1,209,433,0,2,1
BV3-0030,1153,308,2,384,459,2,42,0
BV3-0031,1119,293,0,388,438,0,2,1
BV3-0032,997,256,2,300,439,2,42,2
BV3-0033,757,217,0,109,431,0,12,1
BV3-0034,972,249,0,286,437,0,2,1
BV3-0035,914,242,0,223,449,0,1,3
BV3-0036,1525,453,1,615,456,1,48,1
BV3-0037,1192,324,0,415,453,0,1,1
BV3-0038,1149,316,7,389,437,0,2,1
BV3-0039,757,217,0,109,431,0,12,1
BV3-0040,1022,257,2,324,439,2,42,1
BV3-0041,972,249,0,286,437,0,2,1
BV3-0042,773,219,0,109,445,0,12,1
BV3-0043,1088,304,1,348,435,1,24,0
BV3-0044,922,240,3,244,435,2,30,1
BV3-0045,1088,304,0,349,435,0,1,1
BV3-0046,1020,256,0,324,440,0,2,1
BV3-0047,1199,324,7,429,439,0,2,1
BV3-0048,1020,278,1,292,449,1,23,4
BV3-0049,1444,417,0,571,456,0,1,1
BV3-0050,1717,515,0,743,459,0,1,1
BV3-0051,1572,498,0,636,438,0,51,1
BV3-0052,977,252,2,286,437,2,36,1
BV3-0053,878,235,1,209,433,0,2,1
BV3-0054,983,251,0,294,438,0,2,1
BV3-0055,1394,403,0,536,455,0,1,1
BV3-0056,1005,255,2,310,438,2,39,1
BV3-0057,972,249,0,286,437,0,2,1
BV3-0058,972,249,0,286,437,0,2,1
BV3-0059,1590,464,0,683,443,0,2,1
BV3-0060,893,241,1,217,434,1,20,1
BV3-0061,1618,505,0,658,455,0,1,3
BV3-0062,1188,321,7,407,453,0,1,1
BV3-0063,2159,728,0,971,460,0,1,1
BV3-0064,987,254,2,293,438,2,39,1
BV3-0065,1404,403,0,521,480,0,2,1
BV3-0066,972,249,0,286,437,0,2,1
BV3-0067,757,217,0,109,431,0,12,1
BV3-0068,1563,479,1,627,456,1,44,2
BV3-0069,757,217,0,109,431,0,12,3
BV3-0070,896,237,0,225,434,0,2,1
BV3-0071,948,244,1,267,436,0,2,1
BV3-0072,893,241,1,217,434,1,20,1
BV3-0073,972,249,0,286,437,0,2,1
BV3-0074,1154,295,5,400,454,0,1,2
BV3-0075,1178,322,0,404,452,0,2,1
BV3-0076,1515,466,1,593,455,1,41,1
BV3-0077,867,252,0,185,430,0,8,1
BV3-0078,954,247,0,271,436,0,2,1
BV3-0079,873,256,0,188,429,0,9,1
BV3-0080,1336,428,1,346,561,1,32,1
BV3-0081,1363,399,0,510,454,0,1,1
BV3-0082,1117,295,2,361,459,2,42,0
BV3-0083,1086,286,5,358,437,0,2,1
BV3-0084,977,252,2,286,437,2,36,1
BV3-0085,869,254,0,184,431,0,11,1
BV3-0086,877,254,0,192,431,0,11,1
BV3-0087,1804,577,0,770,457,0,1,3
BV3-0088,1012,278,1,284,449,1,23,1
BV3-0089,937,239,1,247,450,0,1,1
BV3-0090,1530,447,0,621,462,0,2,1
BV3-0091,978,252,2,287,437,2,36,1
BV3-0092,897,238,3,222,434,2,27,1
BV3-0093,824,229,0,161,434,0,1,1
BV3-0094,753,215,0,95,443,0,6,1
BV3-0095,1108,308,1,362,437,1,30,1
BV3-0096,978,252,2,287,437,2,36,1
BV3-0097,973,249,0,287,437,0,2,1
BV3-0098,1610,479,2,685,444,2,60,1
BV3-0099,955,247,0,272,436,0,2,1
BV3-0100,1943,602,1,880,460,1,57,4
BV3-0101,1170,319,7,392,452,0,1,1
BV3-0102,1983,660,0,867,456,0,1,1
BV3-0103,867,252,0,185,430,0,8,1
BV3-0104,1005,256,2,308,439,2,42,2
BV3-0105,757,217,0,109,431,0,12,1
BV3-0106,1028,258,0,329,441,0,2,1
BV3-0107,1215,324,7,430,454,0,1,1
BV3-0108,1104,276,2,384,442,2,51,1
BV3-0109,954,247,0,271,436,0,2,1
BV3-0110,1202,325,0,438,439,0,2,1
BV3-0111,870,236,0,201,433,0,1,1
BV3-0112,978,252,2,287,437,2,36,1
BV3-0113,1750,549,0,744,457,0,1,3
BV3-0114,1486,445,0,586,455,0,1,1
BV3-0115,1095,285,0,358,452,0,1,1
BV3-0116,1276,337,9,488,442,2,51,1
BV3-0117,955,247,0,272,436,0,2,1
BV3-0118,972,249,0,286,437,0,2,1
BV3-0119,928,241,1,251,435,0,2,1
BV3-0120,909,243,1,217,448,1,20,1
BV3-0121,757,217,0,109,431,0,12,3
BV3-0122,1748,578,0,731,439,0,55,1
BV3-0123,983,251,0,294,438,0,2,1
BV3-0124,893,241,1,217,434,1,20,1
BV3-0126,1705,542,0,707,456,0,1,3
BV3-0127,1517,449,0,612,456,0,1,1
BV3-0128,1243,329,7,452,455,0,1,1
BV3-0129,1375,381,0,551,443,0,2,1
BV3-0130,745,215,0,100,430,0,8,1
BV3-0131,1260,317,0,498,445,0,2,1
BV3-0132,1004,255,2,309,438,2,39,1
BV3-0133,1689,520,0,711,458,0,1,1
BV3-0134,1096,285,2,371,438,2,39,0
BV3-0135,1025,255,0,331,439,0,2,1
BV3-0136,977,252,2,286,437,2,36,1
BV3-0137,1260,334,0,485,441,0,2,1
BV3-0138,954,247,0,271,436,0,2,1
BV3-0139,1322,370,0,498,454,0,1,3
BV3-0140,1439,390,1,588,460,1,60,2
BV3-0141,1202,326,0,422,454,0,1,1
BV3-0142,1610,520,0,651,439,0,46,1
BV3-0143,853,229,2,189,433,0,1,1
BV3-0144,1003,255,2,308,438,2,39,1
BV3-0145,992,252,0,302,438,0,2,1
BV3-0146,937,239,1,247,450,0,1,1
BV3-0147,1368,370,2,553,443,2,54,1
BV3-0148,977,252,2,286,437,2,36,1
BV3-0149,973,249,0,287,437,0,2,1
BV3-0150,1665,481,0,739,445,0,2,1
BV3-0151,867,252,0,185,430,0,8,1
BV3-0152,1207,304,5,442,456,0,1,4
BV3-0153,1550,474,0,621,455,0,1,1
BV3-0154,1363,399,0,510,454,0,1,1
BV3-0155,1207,326,0,442,439,0,2,1
BV3-0156,1014,257,2,316,439,2,42,1
BV3-0157,1225,330,0,455,440,0,2,1
BV3-0158,1502,448,0,598,456,0,1,1
BV3-0159,1000,252,2,308,438,2,39,0
BV3-0160,1023,257,2,325,439,2,42,1
BV3-0161,904,238,1,231,434,0,2,1
BV3-0162,1636,502,0,692,442,0,2,1
BV3-0163,757,217,0,109,431,0,12,1
BV3-0164,1259,341,9,469,440,0,2,1
BV3-0165,1294,356,0,498,440,0,2,1
BV3-0166,1480,460,0,567,453,0,1,1
BV3-0167,1218,333,2,403,480,2,45,1
BV3-0168,978,252,2,287,437,2,36,1
BV3-0169,999,252,0,309,438,0,2,1
BV3-0170,1949,621,0,882,446,0,2,1
BV3-0171,954,247,0,271,436,0,2,1
BV3-0172,1002,276,1,277,448,1,20,1
BV3-0173,1542,443,2,655,442,2,52,0
BV3-0174,973,249,0,287,437,0,2,1
BV3-0175,1240,325,0,475,440,0,2,1
BV3-0176,1014,257,2,316,439,2,42,2
BV3-0177,955,247,0,272,436,0,2,1
BV3-0178,1009,254,0,316,439,0,2,1
BV3-0179,1090,283,2,367,438,2,39,0
BV3-0180,1308,345,2,519,442,2,52,1
BV3-0181,1001,254,2,306,439,2,42,0
BV3-0182,1033,259,2,332,440,2,45,1
BV3-0183,757,217,0,109,431,0,12,3
BV3-0184,1005,255,2,310,438,2,39,1
BV3-0185,757,217,0,109,431,0,12,5
BV3-0186,747,215,0,102,430,0,9,3
BV3-0187,737,213,0,95,429,0,6,3
BV3-0188,737,213,0,95,429,0,6,6
BV3-0189,737,213,0,95,429,0,6,6
BV3-0190,1000,252,2,308,438,2,39,0
BV3-0191,1367,379,2,526,460,2,46,0
BV3-0192,1005,255,2,310,438,2,39,1
BV3-0193,757,217,0,109,431,0,12,3
BV3-0194,777,227,0,104,446,0,8,5
BV3-0195,1010,254,2,315,439,2,42,0
BV3-0196,1005,255,2,310,438,2,39,1
BV3-0197,1045,258,2,346,439,2,42,0
BV3-0198,1007,255,2,312,438,2,39,0
BV3-0199,1199,330,2,404,463,2,42,0
BV3-0200,1005,255,2,310,438,2,39,1
BV3-0201,978,252,0,289,437,0,2,1
BV3-0202,757,217,0,109,431,0,12,1
BV3-0203,1441,388,0,609,444,0,2,2
BV3-0204,1017,256,1,321,439,0,2,1
BV3-0205,1352,374,0,522,456,0,1,3
BV3-0206,1163,317,7,387,452,0,1,1
BV3-0207,1200,328,0,419,453,0,1,1
BV3-0208,973,249,0,287,437,0,2,1
BV3-0209,1615,480,19,672,444,0,1,1
BV3-0210,1030,258,0,333,439,0,2,1
BV3-0211,982,251,0,293,438,0,2,1
BV3-0212,1769,573,0,740,456,0,1,1
BV3-0213,1004,255,2,309,438,2,39,1
BV3-0214,972,249,0,286,437,0,2,1
BV3-0215,852,239,0,165,448,0,1,1
BV3-0216,1004,255,0,311,438,0,2,1
BV3-0217,992,253,0,300,439,0,2,1
BV3-0218,1225,324,7,440,454,0,1,2
BV3-0219,1002,276,0,278,448,0,1,1
BV3-0220,1227,329,0,444,454,0,1,1
BV3-0221,757,217,0,109,431,0,12,1
BV3-0222,977,252,0,288,437,0,2,1
BV3-0223,1208,327,0,442,439,0,2,1
BV3-0224,938,243,1,258,436,0,2,1
BV3-0225,1624,502,0,666,456,0,1,1
BV3-0226,757,217,0,109,431,0,12,5
BV3-0227,1136,294,5,398,439,0,2,1
BV3-0228,977,252,0,288,437,0,2,1
BV3-0229,1004,255,0,311,438,0,2,1
BV3-0230,747,215,0,102,430,0,9,1
BV3-0231,753,215,0,95,443,0,6,4
BV3-0232,753,215,0,95,443,0,6,1
BV3-0233,937,239,1,247,450,0,1,1
BV3-0234,997,256,0,302,439,0,2,1
BV3-0235,1044,258,0,347,439,0,2,1
BV3-0236,877,235,1,208,433,0,2,1
BV3-0237,1004,255,0,311,438,0,2,1
BV3-0238,1480,463,0,564,453,0,1,1
BV3-0239,1004,255,2,309,438,2,39,2
BV3-0240,1004,255,0,311,438,0,2,1
BV3-0241,757,217,0,109,431,0,12,1
BV3-0242,1004,255,0,311,438,0,2,1
BV3-0243,977,252,1,287,437,0,2,1
BV3-0244,1461,441,0,566,454,0,1,3
BV3-0246,1452,412,0,582,458,0,1,1
BV3-0247,973,249,0,287,437,0,2,1
BV3-0248,977,252,0,288,437,0,2,2
BV3-0249,977,252,0,288,437,0,2,1
BV3-0250,1088,304,0,349,435,0,1,1
BV3-0251,1190,320,7,410,453,0,1,1
BV3-0252,1025,259,2,324,440,2,45,1
BV3-0253,1186,324,0,424,438,0,2,1
BV3-0254,904,238,1,231,434,0,2,1
BV3-0255,1093,273,0,380,440,0,2,1
BV3-0256,955,247,0,272,436,0,2,1
BV3-0257,997,273,0,276,448,0,1,3
BV3-0258,1243,334,0,454,455,0,1,1
BV3-0259,1338,393,0,492,453,0,1,1
BV3-0260,1209,326,0,444,439,0,2,1
BV3-0261,978,252,0,289,437,0,2,1
BV3-0262,1211,328,0,443,440,0,2,1
BV3-0263,1173,320,7,408,438,0,2,1
BV3-0264,773,219,0,109,445,0,12,1
BV3-0265,1108,287,2,381,438,2,39,0
BV3-0266,1201,326,0,436,439,0,2,1
BV3-0267,977,252,0,288,437,0,2,1
BV3-0268,1005,255,0,312,438,0,2,1
BV3-0269,940,250,1,240,449,0,2,1
BV3-0270,1812,566,0,786,460,0,1,4
BV3-0271,1338,393,0,492,453,0,1,1
BV3-0272,1190,320,7,410,453,0,1,1
BV3-0273,977,252,0,288,437,0,2,1
BV3-0274,978,252,0,289,437,0,2,1
BV3-0275,1153,308,0,386,459,0,2,1
BV3-0276,1006,256,0,311,439,0,2,1
BV3-0277,1815,588,0,772,455,0,1,1
BV3-0278,1004,255,2,309,438,2,39,1
BV3-0279,978,252,0,289,437,0,2,1
BV3-0280,1277,347,0,448,482,0,2,1
BV3-0281,1005,255,0,312,438,0,2,1
BV3-0282,1004,255,1,310,438,0,2,1
BV3-0283,979,271,0,261,447,0,1,3
BV3-0284,1458,440,0,564,454,0,1,1
BV3-0285,917,242,0,227,448,0,2,1
BV3-0286,972,249,0,286,437,0,2,1
BV3-0287,1170,301,5,424,440,0,2,1
BV3-0288,997,256,0,302,439,0,2,1
BV3-0289,972,249,0,286,437,0,2,1
BV3-0290,1947,624,0,862,461,0,1,1
BV3-0291,1031,258,2,332,439,2,42,1
BV3-0292,975,251,0,286,438,0,2,1
BV3-0293,983,251,0,294,438,0,2,1
BV3-0294,1005,255,0,312,438,0,2,1
BV3-0295,1098,306,0,356,436,0,1,1
BV3-0296,1190,320,7,410,453,0,1,2
BV3-0297,1235,334,0,446,455,0,1,1
BV3-0298,1177,322,0,402,453,0,1,1
BV3-0299,1153,317,7,392,437,0,2,1
BV3-0300,903,243,0,225,435,0,1,1
BV3-0301,757,217,0,109,431,0,12,1
BV3-0302,993,253,0,301,439,0,2,1
BV3-0303,1373,404,0,515,454,0,1,1
BV3-0304,1041,260,2,339,440,2,45,1
BV3-0305,1055,260,0,355,440,0,2,1
BV3-0306,988,254,0,296,438,0,2,1
BV3-0307,1038,260,0,338,440,0,2,1
BV3-0308,1183,322,7,415,439,0,2,1
BV3-0309,913,260,0,208,445,0,11,4
BV3-0310,1154,296,0,404,454,0,1,1
BV3-0311,1512,473,0,585,454,0,1,1
BV3-0312,1015,258,0,317,440,0,2,1
BV3-0313,977,252,0,288,437,0,2,1
BV3-0314,1058,283,5,334,436,0,2,1
BV3-0315,757,217,0,109,431,0,12,1
BV3-0316,1371,422,0,497,452,0,1,1
BV3-0317,1004,255,2,309,438,2,39,1
BV3-0318,988,254,0,296,438,0,2,1
BV3-0319,982,251,0,293,438,0,2,1
BV3-0320,1137,290,0,406,441,0,2,1
BV3-0321,988,254,1,295,438,0,2,1
BV3-0322,1617,504,0,657,456,0,1,3
BV3-0323,1163,317,7,387,452,0,1,1
BV3-0324,1098,291,0,356,451,0,1,1
BV3-0325,1009,254,0,316,439,0,2,1
BV3-0326,877,235,1,208,433,0,2,1
BV3-0327,1003,255,0,310,438,0,2,1
BV3-0328,973,249,0,287,437,0,2,1
BV3-0329,2517,930,0,1131,456,0,48,1
BV3-0330,1026,257,2,328,439,2,42,1
BV3-0331,757,217,0,109,431,0,12,1
BV3-0332,904,238,1,231,434,0,2,1
BV3-0333,1023,257,0,327,439,0,2,1
BV3-0334,1329,375,0,513,441,0,2,1
BV3-0335,1892,607,0,825,460,0,1,3
BV3-0336,1467,424,0,587,456,0,1,1
BV3-0337,1774,575,0,744,455,0,1,1
BV3-0338,1477,426,0,610,441,0,2,1
BV3-0339,977,252,0,288,437,0,2,1
BV3-0340,1968,625,0,899,444,0,2,1
BV3-0341,1190,320,7,410,453,0,1,1
BV3-0342,1005,255,2,310,438,2,39,1
BV3-0343,972,249,0,286,437,0,2,1
BV3-0344,923,240,1,247,435,0,2,1
BV3-0345,1014,257,0,318,439,0,2,1
BV3-0346,972,249,0,286,437,0,2,1
BV3-0347,1528,456,0,617,455,0,1,3
BV3-0348,1243,334,0,454,455,0,1,1
BV3-0349,1342,394,0,495,453,0,1,1
BV3-0350,1209,326,0,444,439,0,2,1
BV3-0351,977,252,0,288,437,0,2,1
BV3-0352,973,249,0,287,437,0,2,1
BV3-0353,914,236,1,228,449,0,1,1
BV3-0354,1004,255,2,309,438,2,39,1
BV3-0355,1020,256,0,324,440,0,2,1
BV3-0356,972,249,0,286,437,0,2,1
BV3-0357,1005,255,0,312,438,0,2,1
BV3-0358,972,249,0,286,437,0,2,1
BV3-0359,1192,321,7,411,453,0,1,2
BV3-0360,1484,404,0,620,460,0,1,1
BV3-0361,1338,393,0,492,453,0,1,1
BV3-0362,1145,296,0,410,439,0,2,1
BV3-0363,1031,258,2,332,439,2,42,1
BV3-0364,954,247,0,271,436,0,2,1
BV3-0365,1140,288,0,412,440,0,2,1
BV3-0366,1004,255,0,311,438,0,2,1
BV3-0367,993,253,0,301,439,0,2,1
BV3-0368,1004,255,2,309,438,2,39,1
BV3-0369,978,252,0,289,437,0,2,1
BV3-0370,1137,290,0,406,441,0,2,1
BV3-0371,1004,255,0,311,438,0,2,1
BV3-0372,1003,255,1,309,438,0,2,1
BV3-0373,1079,266,2,368,443,2,54,1
BV3-0374,1204,327,0,438,439,0,2,1
BV3-0375,1030,258,1,332,439,0,2,1
BV3-0376,1066,270,2,355,439,2,42,1
BV3-0377,998,252,0,308,438,0,2,1
BV3-0378,1000,254,1,307,438,0,2,1
BV3-0379,1028,258,2,329,439,2,42,1
BV3-0380,1000,252,0,310,438,0,2,1
BV3-0381,1037,259,2,336,440,2,45,1
BV3-0382,1004,255,2,309,438,2,39,1
BV3-0383,1004,255,2,309,438,2,39,1
BV3-0384,1004,255,2,309,438,2,39,1
BV3-0385,1020,256,2,322,440,2,45,0
BV3-0386,1065,263,2,358,442,2,51,1
BV3-0387,1004,255,2,309,438,2,39,1
BV3-0388,1004,255,2,309,438,2,39,1
BV3-0389,1004,255,2,309,438,2,39,1
BV3-0390,1031,258,2,332,439,2,42,1
BV3-0391,1005,255,2,310,438,2,39,1
BV3-0392,757,217,0,109,431,0,12,5
BV3-0393,1005,255,2,310,438,2,39,1
BV3-0394,1023,257,2,325,439,2,42,1
BV3-0395,992,252,2,300,438,2,39,0
BV3-0396,1004,255,2,309,438,2,39,1
BV3-0397,1004,255,2,309,438,2,39,1
BV3-0398,1004,255,2,309,438,2,39,1
BV3-0399,1005,255,2,310,438,2,39,1
BV3-0400,981,250,2,292,437,2,36,0
BV3-0401,953,244,1,270,438,0,1,2
BV3-0402,917,239,1,241,436,0,1,2
BV3-0403,837,238,1,152,446,0,1,2
BV3-0404,945,244,1,262,438,0,1,2
BV3-0405,1765,547,27,733,458,0,1,5
BV3-0406,959,244,1,263,451,0,1,2
BV3-0407,951,244,1,255,451,0,1,2
BV3-0408,939,241,1,260,437,0,1,2
BV3-0409,919,239,1,243,436,0,1,2
BV3-0410,961,246,1,275,439,0,1,2
BV3-0411,921,239,1,245,436,0,1,2
BV3-0412,773,219,1,108,445,0,12,2
BV3-0413,1093,320,7,317,449,0,1,2
BV3-0414,931,249,1,231,450,0,1,3
BV3-0415,943,242,1,263,437,0,1,2
BV3-0416,1037,276,3,322,436,0,1,2
BV3-0417,1173,321,7,406,439,0,1,2
BV3-0418,933,241,1,241,450,0,1,5
BV3-0419,959,244,1,263,451,0,1,2
BV3-0420,1157,299,7,397,454,0,1,2
BV3-0421,755,217,1,106,431,0,11,2
BV3-0422,921,239,1,245,436,0,1,2
BV3-0423,1237,336,5,456,440,0,1,3
BV3-0424,953,244,1,270,438,0,1,2
BV3-0425,1193,324,7,409,453,0,1,2
BV3-0426,844,228,1,182,433,0,1,2
BV3-0427,945,244,1,262,438,0,1,2
BV3-0428,1203,326,7,429,441,0,1,2
BV3-0430,1048,281,3,328,436,0,1,2
BV3-0431,951,244,1,255,451,0,1,5
BV3-0432,1071,280,3,337,451,0,1,3
BV3-0433,937,241,1,245,450,0,1,2
BV3-0434,963,246,1,277,439,0,1,2
BV3-0435,1173,321,7,406,439,0,1,2
BV3-0436,943,242,1,263,437,0,1,2
BV3-0437,925,240,1,248,436,0,1,2
BV3-0438,821,233,1,128,459,0,11,2
BV3-0439,919,241,1,240,437,0,1,2
BV3-0440,923,240,1,246,436,0,1,2
BV3-0441,917,239,1,241,436,0,1,3
BV3-0442,921,239,1,245,436,0,1,2
BV3-0443,943,242,1,263,437,0,1,2
BV3-0444,915,239,1,226,449,0,1,5
BV3-0445,915,239,1,226,449,0,1,2
BV3-0446,951,244,1,255,451,0,1,2
BV3-0447,921,239,1,245,436,0,1,2
BV3-0448,894,234,1,224,435,0,1,1
BV3-0449,859,252,3,174,430,0,8,1
BV3-0450,914,238,1,238,437,0,1,1
BV3-0451,924,238,1,235,450,0,1,1
BV3-0452,940,241,1,260,438,0,1,1
BV3-0453,757,217,1,108,431,0,12,1
BV3-0454,969,290,7,241,431,0,12,1
BV3-0455,737,213,1,94,429,0,6,1
BV3-0456,737,213,1,94,429,0,6,1
BV3-0457,1295,366,11,464,454,0,1,2
BV3-0458,1141,313,7,370,451,0,1,1
BV3-0459,1299,364,11,470,454,0,1,1
BV3-0460,1152,315,7,392,438,0,1,1
BV3-0461,1695,551,23,683,438,0,1,1
BV3-0462,1125,312,7,369,437,0,1,1
BV3-0463,886,234,1,216,435,0,1,1
BV3-0464,946,241,1,253,451,0,1,1
BV3-0465,1067,284,5,340,438,0,1,1
BV3-0466,877,254,3,189,431,0,11,1
BV3-0467,1484,463,17,566,438,0,44,1
BV3-0468,1266,326,19,482,439,0,1,1
BV3-0469,1446,453,17,538,438,0,40,1
BV3-0470,1287,364,11,459,453,0,1,2
BV3-0471,1205,328,7,417,453,0,1,1
BV3-0472,910,236,1,224,449,0,1,1
BV3-0473,1605,508,21,636,440,0,50,1
BV3-0474,920,237,1,246,436,0,1,1
BV3-0475,896,234,1,227,434,0,2,1
BV3-0476,894,234,1,224,435,0,1,1
BV3-0477,936,239,1,246,450,0,1,1
BV3-0478,3233,1205,63,1516,449,0,1,1
BV3-0479,867,252,3,182,430,0,8,1
BV3-0480,1095,308,7,344,436,0,1,1
BV3-0481,887,256,3,196,432,0,14,1
BV3-0482,877,254,3,189,431,0,11,1
BV3-0483,1175,320,7,394,454,0,1,2
BV3-0484,1291,363,11,464,453,0,1,1
BV3-0485,865,252,3,167,443,0,5,1
BV3-0486,1510,465,21,583,441,0,1,1
BV3-0487,1137,313,7,380,437,0,1,1
BV3-0488,1284,364,11,469,440,0,1,1
BV3-0489,928,238,1,252,437,0,1,1
BV3-0490,753,215,1,94,443,0,6,1
BV3-0491,902,235,1,231,435,0,1,1
BV3-0493,1582,506,21,617,438,0,48,1
BV3-0494,904,236,1,231,436,0,1,1
BV3-0495,757,217,1,108,431,0,12,1
BV3-0496,946,241,1,253,451,0,1,2
BV3-0497,1319,367,11,487,454,0,1,1
BV3-0498,1174,318,7,396,453,0,1,1
BV3-0509,1165,318,7,387,453,0,1,2
BV3-0510,1048,280,5,313,450,0,1,1
BV3-0511,1103,282,3,364,454,0,1,1
BV3-0512,928,239,1,251,437,0,1,1
BV3-0514,1231,356,11,427,437,0,1,1
BV3-0515,1277,361,11,466,439,0,1,1
BV3-0516,1152,316,7,377,452,0,1,1
BV3-0522,903,258,3,196,446,0,14,3
BV3-0523,1268,360,11,445,452,0,1,1
BV3-0524,910,236,1,224,449,0,1,1
BV3-0525,1121,311,7,366,437,0,1,1
BV3-0526,1229,355,11,426,437,0,1,1
BV3-0527,1148,314,7,389,438,0,1,1
BV3-0528,1097,307,7,347,436,0,1,1
BV3-0529,1709,552,23,680,454,0,58,1
BV3-0530,902,235,1,231,435,0,1,1
BV3-0531,1455,435,17,562,441,0,1,1
BV3-0532,1065,281,5,342,437,0,1,1
BV3-0533,867,252,3,182,430,0,8,1
BV3-0534,877,254,3,189,431,0,11,1
BV3-0535,1162,317,7,386,452,0,1,2
BV3-0536,1267,362,11,441,453,0,1,1
BV3-0537,910,236,1,224,449,0,1,1
BV3-0538,1584,507,21,618,438,0,48,1
BV3-0539,1275,361,11,464,439,0,1,1
BV3-0540,1428,432,17,540,439,0,1,1
BV3-0541,1099,309,7,347,436,0,1,1
BV3-0542,773,219,1,108,445,0,12,1
BV3-0543,894,234,1,224,435,0,1,1
BV3-0544,1252,358,11,445,438,0,1,1
BV3-0545,1508,468,17,585,438,0,1,1
BV3-0546,923,237,1,250,435,0,2,1
BV3-0547,904,236,1,231,436,0,1,1
BV3-0548,1484,432,19,577,456,0,1,2
BV3-0549,1350,392,13,491,454,0,1,1
BV3-0550,1263,359,11,441,452,0,1,1
BV3-0551,887,256,3,196,432,0,14,1
BV3-0552,867,252,3,182,430,0,8,1
BV3-0553,902,235,1,231,435,0,1,1
BV3-0554,1002,250,0,314,438,0,2,1
BV3-0555,928,239,1,238,450,0,1,1
BV3-0556,1151,314,7,392,438,0,1,1
BV3-0557,894,234,1,224,435,0,1,1
BV3-0558,1193,325,5,424,439,0,1,1
BV3-0559,1256,359,11,448,438,0,1,1
BV3-0560,1302,365,11,486,440,0,1,1
BV3-0561,1556,472,0,629,455,0,1,3
BV3-0562,1368,394,0,520,454,0,1,1
BV3-0563,1502,438,0,607,457,0,1,1
BV3-0564,1174,320,7,409,438,0,2,1
BV3-0565,1022,252,0,331,439,0,2,1
BV3-0566,1340,371,0,528,441,0,2,1
BV3-0567,1173,320,7,408,438,0,2,1
BV3-0568,1007,248,0,306,453,0,1,1
BV3-0569,1963,717,35,775,436,0,1,1
BV3-0570,1474,442,15,578,439,0,1,1
BV3-0571,867,252,3,182,430,0,8,1
BV3-0572,867,252,3,182,430,0,8,1
BV3-0573,849,250,3,167,429,0,5,1
BV3-0574,1100,283,0,364,453,0,1,3
BV3-0575,1425,401,0,567,457,0,1,1
BV3-0576,1135,314,7,363,451,0,1,1
BV3-0577,867,252,0,185,430,0,8,1
BV3-0578,1308,370,15,484,439,0,2,1
BV3-0579,1351,372,0,538,441,0,2,1
BV3-0580,1028,253,0,336,439,0,2,1
BV3-0581,993,246,0,295,452,0,1,1
BV3-0582,844,228,1,182,433,0,1,1
BV3-0583,887,256,3,196,432,0,14,1
BV3-0584,1100,311,7,344,438,0,1,1
BV3-0586,1162,317,7,399,439,0,1,1
BV3-0587,1196,300,0,437,459,0,1,3
BV3-0588,1347,371,0,518,458,0,1,1
BV3-0589,826,239,0,120,467,0,15,1
BV3-0590,877,254,0,192,431,0,11,1
BV3-0591,1174,295,0,438,441,0,1,1
BV3-0592,1198,324,7,428,439,0,2,1
BV3-0593,1019,252,0,328,439,0,2,1
BV3-0594,1005,248,0,304,453,0,1,1
BV3-0595,887,256,3,196,432,0,14,1
BV3-0596,867,252,3,182,430,0,8,1
BV3-0597,1160,295,0,425,440,0,2,1
BV3-0598,1046,255,0,351,440,0,2,1
BV3-0599,867,252,3,182,430,0,8,1
BV3-0600,1497,437,0,604,456,0,1,3
BV3-0601,1407,399,0,552,456,0,1,1
BV3-0602,1000,270,0,282,448,0,1,1
BV3-0603,867,252,0,185,430,0,8,1
BV3-0604,867,252,3,182,430,0,8,1
BV3-0605,1250,328,0,481,441,0,2,1
BV3-0606,867,252,0,185,430,0,8,1
BV3-0607,1027,252,0,320,455,0,1,1
BV3-0608,928,239,1,251,437,0,1,1
BV3-0609,867,252,3,182,430,0,8,1
BV3-0610,1367,374,0,550,443,0,2,1
BV3-0611,1027,253,0,335,439,0,2,1
BV3-0612,1342,373,11,514,444,0,1,1
BV3-0613,1407,399,0,552,456,0,1,3
BV3-0614,1470,434,0,581,455,0,1,1
BV3-0615,1427,411,0,561,455,0,1,1
BV3-0616,1171,319,7,407,438,0,2,1
BV3-0617,757,217,0,109,431,0,12,1
BV3-0618,1019,252,0,328,439,0,2,1
BV3-0619,867,252,3,182,430,0,8,1
BV3-0620,1366,371,0,539,456,0,1,1
BV3-0621,1225,334,9,440,442,0,1,1
BV3-0622,859,252,3,174,430,0,8,1
BV3-0623,1175,320,7,410,438,0,2,1
BV3-0624,1014,249,0,326,439,0,1,1
BV3-0625,1305,358,7,499,441,0,1,1
BV3-0626,763,217,0,102,444,0,9,3
BV3-0627,1390,396,0,539,455,0,1,1
BV3-0628,1316,364,0,497,455,0,1,1
BV3-0629,1058,311,7,292,448,0,1,1
BV3-0630,987,249,0,300,438,0,2,1
BV3-0631,867,252,0,185,430,0,8,1
BV3-0632,867,252,3,182,430,0,8,1
BV3-0633,1003,248,0,302,453,0,1,1
BV3-0634,1077,286,5,347,439,0,1,1
BV3-0635,1043,255,0,348,440,0,2,1
BV3-0636,1196,330,0,414,452,0,2,1
BV3-0637,735,213,0,93,429,0,5,1
BV3-0638,1177,319,7,412,439,0,1,1
BV3-0639,1548,472,0,621,455,0,1,3
BV3-0640,1499,437,0,606,456,0,1,1
BV3-0641,1550,472,0,623,455,0,1,1
BV3-0642,867,252,0,185,430,0,8,1
BV3-0643,1178,321,7,412,438,0,2,1
BV3-0644,1196,323,7,427,439,0,2,1
BV3-0645,1062,300,7,319,436,0,26,1
BV3-0646,993,246,0,295,452,0,1,1
BV3-0647,927,238,1,252,436,0,1,1
BV3-0648,859,252,0,177,430,0,8,1
BV3-0649,1120,310,7,366,437,0,1,1
BV3-0650,1348,370,0,537,441,0,1,1
BV3-0651,1341,371,15,515,440,0,1,1
BV3-0653,1323,362,0,506,455,0,1,1
BV3-0654,1192,323,0,416,453,0,1,1
BV3-0655,867,252,0,185,430,0,8,1
BV3-0656,1011,252,0,320,439,0,2,1
BV3-0657,1359,372,0,545,442,0,1,1
BV3-0658,1190,345,11,397,437,0,33,1
BV3-0659,1011,248,0,310,453,0,1,1
BV3-0660,1212,332,9,431,440,0,1,1
BV3-0661,867,252,0,185,430,0,8,1
BV3-0662,1124,311,10,366,437,0,1,1
BV3-0663,1317,338,0,536,443,0,2,1
BV3-0664,867,252,0,185,430,0,8,1
BV3-0665,883,254,3,182,444,0,8,3
BV3-0666,883,254,3,182,444,0,8,1
BV3-0667,1078,307,5,317,449,0,27,1
BV3-0668,1431,436,17,538,440,0,1,1
BV3-0669,1025,302,5,286,432,0,22,1
BV3-0670,757,217,1,108,431,0,12,1
BV3-0671,1192,326,5,409,452,0,1,1
BV3-0672,1077,283,5,351,438,0,1,1
BV3-0673,1175,320,7,410,438,0,2,1
BV3-0675,867,252,0,185,430,0,8,1
BV3-0676,867,252,0,185,430,0,8,1
BV3-0677,1144,315,7,370,452,0,1,3
BV3-0678,883,254,3,182,444,0,8,1
BV3-0679,773,219,1,108,445,0,12,1
BV3-0680,849,250,3,167,429,0,5,1
BV3-0681,867,252,3,182,430,0,8,1
BV3-0682,867,252,3,182,430,0,8,1
BV3-0683,883,254,3,182,444,0,8,1
BV3-0684,859,252,3,174,430,0,8,1
BV3-0685,1041,255,0,346,440,0,2,1
BV3-0686,1332,370,0,522,440,0,2,1
BV3-0687,1253,329,0,483,441,0,2,1
BV3-0688,992,249,0,305,438,0,2,1
BV3-0689,865,252,3,167,443,0,5,1
BV3-0690,1312,389,13,457,453,0,1,1
BV3-0691,773,219,1,108,445,0,12,1
BV3-0692,867,252,3,182,430,0,8,1
BV3-0693,757,217,1,108,431,0,12,1
BV3-0694,877,254,3,189,431,0,11,1
BV3-0695,1264,360,13,439,452,0,40,1
BV3-0696,930,239,1,253,437,0,1,1
BV3-0697,1365,425,0,504,436,0,34,1
BV3-0698,892,255,3,203,431,0,11,1
BV3-0699,1289,333,0,512,444,0,1,1
BV3-0700,1045,255,0,350,440,0,2,1
BV3-0701,893,256,3,189,445,0,11,3
BV3-0702,1257,374,13,419,451,0,29,1
BV3-0703,1327,392,13,468,454,0,1,1
BV3-0704,867,252,3,182,430,0,8,1
BV3-0706,869,254,3,181,431,0,11,1
BV3-0707,883,254,3,182,444,0,8,1
BV3-0708,1045,280,3,325,437,0,1,1
BV3-0709,1237,328,0,468,441,0,2,1
BV3-0710,877,254,3,189,431,0,11,1
BV3-0711,877,254,3,189,431,0,11,1
BV3-0712,1166,317,7,404,438,0,1,1
BV3-0713,865,252,3,167,443,0,5,3
BV3-0714,1239,372,13,404,450,0,26,1
BV3-0715,1109,310,7,342,450,0,1,1
BV3-0716,867,252,3,182,430,0,8,1
BV3-0717,924,262,3,227,432,0,18,1
BV3-0718,849,250,3,167,429,0,5,1
BV3-0719,883,254,3,182,444,0,8,1
BV3-0720,757,217,1,108,431,0,12,1
BV3-0721,867,252,0,185,430,0,8,1
BV3-0722,867,252,3,182,430,0,8,1
BV3-0723,1325,392,15,479,439,0,43,1
BV3-0724,1371,406,19,508,438,0,1,1
BV3-0725,1333,395,13,487,438,0,1,1
BV3-0726,1623,472,0,708,443,0,2,1
BV3-0727,1450,445,15,552,438,0,1,1
BV3-0728,867,252,3,182,430,0,8,1
BV3-0729,757,217,0,109,431,0,12,1
BV3-0730,887,234,1,217,435,0,1,1
BV3-0731,1201,323,7,432,439,0,2,1
BV3-0732,867,252,3,182,430,0,8,1
BV3-0733,1055,282,5,331,437,0,1,1
BV3-0734,1192,320,7,426,439,0,1,1
BV3-0735,918,237,1,244,436,0,1,1
BV3-0736,757,217,1,108,431,0,12,1
BV3-0737,867,252,3,182,430,0,8,1
BV3-0738,1458,428,17,571,442,0,1,1
BV3-0739,1067,284,5,340,438,0,1,1
BV3-0740,867,252,3,182,430,0,8,1
BV3-0741,1451,435,17,559,440,0,1,1
BV3-0742,1026,301,5,286,434,0,24,1
BV3-0743,1161,322,5,396,438,0,1,1
BV3-0744,1015,272,7,300,436,0,26,1
BV3-0745,898,236,1,226,435,0,2,1
BV3-0746,735,213,1,92,429,0,5,1
BV3-0747,849,250,3,167,429,0,5,1
BV3-0748,914,238,1,238,437,0,1,1
BV3-0749,867,252,3,182,430,0,8,1
BV3-0750,1093,307,7,343,436,0,1,1
BV3-0751,877,254,3,189,431,0,11,1
BV3-0752,867,252,3,182,430,0,8,1
BV3-0753,867,252,3,182,430,0,8,1
BV3-0754,928,239,1,251,437,0,1,1
BV3-0755,1212,330,9,433,440,0,1,1
BV3-0756,867,252,3,182,430,0,8,1
BV3-0757,877,254,3,189,431,0,11,1
BV3-0758,757,217,1,108,431,0,12,1
BV3-0759,1228,362,7,421,438,0,1,1
BV3-0760,896,234,1,226,435,0,1,1
BV3-0761,757,217,1,108,431,0,12,1
BV3-0762,1321,373,7,500,441,0,1,1
BV3-0763,1145,315,7,385,438,0,1,1
BV3-0764,1219,323,0,456,440,0,1,1
BV3-0765,757,217,0,109,431,0,12,1
BV3-0766,1039,252,0,347,440,0,1,1
BV3-0767,1206,301,0,463,442,0,2,1
BV3-0768,1046,254,0,351,441,0,1,1
BV3-0769,1397,398,0,558,441,0,1,1
BV3-0770,867,252,0,185,430,0,8,1
BV3-0771,1049,254,0,354,441,0,1,1
BV3-0772,995,247,0,310,438,0,1,1
BV3-0773,1046,254,0,351,441,0,1,1
BV3-0774,1126,291,0,397,438,0,2,1
BV3-0775,1018,250,0,329,439,0,1,1
BV3-0776,884,255,0,198,431,0,11,1
BV3-0777,1036,252,0,344,440,0,1,1
BV3-0778,1045,253,0,352,440,0,1,1
BV3-0779,1028,253,0,336,439,0,2,1
BV3-0780,1241,325,0,475,441,0,1,1
BV3-0781,1001,250,0,313,438,0,2,1
BV3-0782,1019,250,0,330,439,0,1,1
BV3-0783,1258,329,0,486,443,0,1,1
BV3-0784,1019,252,0,328,439,0,2,1
BV3-0785,867,252,0,185,430,0,8,1
BV3-0786,1233,372,13,411,437,0,29,1
BV3-0787,745,215,1,99,430,0,8,1
BV3-0788,757,217,1,108,431,0,12,1
BV3-0789,757,217,1,108,431,0,12,1
BV3-0790,1818,584,29,762,443,0,1,1
BV3-0791,1074,302,7,328,437,0,29,1
BV3-0792,1152,341,11,364,436,0,26,1
BV3-0793,1195,344,11,401,439,0,35,1
BV3-0794,757,217,1,108,431,0,12,1
BV3-0795,867,252,3,182,430,0,8,1
BV3-0796,1035,304,5,293,433,0,25,1
BV3-0797,755,217,1,106,431,0,11,1
BV3-0798,867,252,3,182,430,0,8,1
BV3-0799,1264,364,7,455,438,0,1,1
BV3-0800,1339,409,15,477,438,0,36,1
