sample_id,expected_outcome,predicted_label,source_match,sink_match,relay_match,exact_chain_match,minimal_witness_match,predicted_chain_count,coverage_state
PB-001,confirmed_violation,malicious,True,True,False,False,False,1,complete
PB-002,confirmed_violation,malicious,True,True,False,False,False,1,complete
PB-003,confirmed_violation,malicious,False,False,False,False,False,0,timeout
PB-004,confirmed_violation,malicious,True,True,False,False,False,1,complete
PB-005,confirmed_violation,malicious,True,True,False,False,False,1,complete
PB-006,confirmed_violation,malicious,True,True,False,False,False,1,complete
PB-007,confirmed_violation,malicious,True,True,False,False,False,1,complete
PB-008,confirmed_violation,benign,True,False,False,False,False,1,path_incomplete
PB-009,confirmed_violation,benign,True,False,False,False,False,1,path_incomplete
PB-010,confirmed_violation,benign,True,False,False,False,False,1,path_incomplete
PB-011,confirmed_violation,benign,True,False,False,False,False,1,path_incomplete
PB-012,confirmed_violation,malicious,False,False,False,False,False,0,timeout
PB-013,confirmed_violation,malicious,True,True,False,False,False,1,complete
PB-014,confirmed_violation,malicious,False,False,False,False,False,0,timeout
PB-015,confirmed_violation,malicious,True,True,False,False,False,1,complete
PB-016,confirmed_violation,benign,True,False,False,False,False,1,path_incomplete
PB-017,confirmed_violation,malicious,True,True,False,False,False,1,complete
PB-018,confirmed_violation,malicious,True,True,False,False,False,1,complete
PB-019,confirmed_violation,malicious,True,True,False,False,False,1,complete
PB-020,confirmed_violation,malicious,True,True,False,False,False,1,complete
PB-021,confirmed_violation,malicious,True,True,False,False,False,1,complete
PB-022,confirmed_violation,malicious,True,True,False,False,False,1,complete
PB-023,confirmed_violation,malicious,True,True,False,False,False,1,complete
PB-024,confirmed_violation,malicious,True,True,False,False,False,1,complete
PB-025,confirmed_violation,malicious,True,False,False,False,False,2,path_incomplete
PB-026,confirmed_violation,benign,True,False,False,False,False,1,path_incomplete
PB-027,confirmed_violation,malicious,True,True,False,False,False,1,complete
PB-028,confirmed_violation,malicious,True,True,False,False,False,1,complete
PB-029,confirmed_violation,malicious,True,True,False,False,False,1,complete
PB-030,confirmed_violation,malicious,True,True,False,False,False,1,complete
PB-031,confirmed_violation,malicious,True,True,False,False,False,1,complete
PB-032,confirmed_violation,malicious,True,True,False,False,False,1,complete
PB-033,confirmed_violation,malicious,False,False,False,False,False,0,timeout
PB-034,confirmed_violation,malicious,True,True,False,False,False,1,complete
PB-035,confirmed_violation,benign,True,False,False,False,False,1,path_incomplete
PB-036,confirmed_violation,benign,True,False,False,False,False,1,path_incomplete
PB-037,confirmed_violation,benign,True,False,False,False,False,1,path_incomplete
PB-038,confirmed_violation,malicious,True,True,False,False,False,1,complete
PB-039,confirmed_violation,malicious,False,False,False,False,False,0,timeout
PB-040,confirmed_violation,malicious,True,True,False,False,False,1,complete
PB-041,confirmed_violation,malicious,True,True,False,False,False,1,complete
PB-042,confirmed_violation,malicious,False,False,False,False,False,0,timeout
PB-043,confirmed_violation,benign,True,False,False,False,False,1,path_incomplete
PB-044,confirmed_violation,malicious,True,True,False,False,False,1,complete
PB-045,confirmed_violation,benign,True,False,False,False,False,1,path_incomplete
PB-046,confirmed_violation,malicious,True,True,False,False,False,1,complete
PB-047,confirmed_violation,malicious,True,True,False,False,False,1,complete
PB-048,confirmed_violation,benign,True,False,False,False,False,1,path_incomplete
PB-049,confirmed_violation,benign,True,False,False,False,False,1,path_incomplete
PB-050,confirmed_violation,benign,True,False,False,False,False,1,max_steps_exhausted
PB-051,confirmed_violation,benign,False,False,False,False,False,0,target_reached_no_flow
PB-052,confirmed_violation,malicious,True,True,False,False,False,1,complete
PB-053,confirmed_violation,malicious,True,True,False,False,False,1,complete
PB-054,confirmed_violation,malicious,True,True,False,False,False,1,complete
PB-055,confirmed_violation,benign,True,False,False,False,False,1,path_incomplete
PB-056,confirmed_violation,malicious,True,True,False,False,False,1,complete
PB-057,confirmed_violation,malicious,True,True,False,False,False,1,complete
PB-058,confirmed_violation,malicious,True,True,False,False,False,1,complete
PB-059,confirmed_violation,malicious,True,True,False,False,False,1,complete
PB-060,confirmed_violation,benign,True,False,False,False,False,1,path_incomplete
PB-061,confirmed_violation,benign,True,False,False,False,False,1,path_incomplete
PB-062,confirmed_violation,benign,True,False,False,False,False,1,path_incomplete
PB-063,confirmed_violation,benign,True,False,False,False,False,1,path_incomplete
PB-064,confirmed_violation,malicious,True,True,False,False,False,1,complete
PB-065,confirmed_violation,malicious,True,True,False,False,False,1,complete
PB-066,confirmed_violation,malicious,True,True,False,False,False,1,complete
PB-067,confirmed_violation,malicious,False,False,False,False,False,0,timeout
PB-068,confirmed_violation,benign,True,False,False,False,False,1,path_incomplete
PB-069,confirmed_violation,malicious,False,False,False,False,False,0,environment_missing
PB-070,confirmed_violation,benign,True,False,False,False,False,2,complete
PB-071,confirmed_violation,malicious,True,True,False,False,False,1,complete
PB-072,confirmed_violation,benign,True,False,False,False,False,1,path_incomplete
PB-073,confirmed_violation,malicious,True,True,False,False,False,1,complete
PB-074,confirmed_violation,benign,True,False,False,False,False,1,path_incomplete
PB-075,confirmed_violation,benign,True,False,False,False,False,2,complete
PB-076,confirmed_violation,benign,True,False,False,False,False,1,path_incomplete
PB-077,confirmed_violation,malicious,False,False,False,False,False,0,execution_failed
PB-078,confirmed_violation,malicious,True,True,False,False,False,1,complete
PB-079,confirmed_violation,malicious,False,False,False,False,False,0,environment_missing
PB-080,confirmed_violation,benign,True,False,False,False,False,1,path_incomplete
PB-081,confirmed_violation,benign,True,False,False,False,False,1,path_incomplete
PB-082,confirmed_violation,malicious,True,True,False,False,False,1,complete
PB-083,confirmed_violation,malicious,True,True,False,False,False,1,complete
PB-084,confirmed_violation,malicious,True,True,False,False,False,1,complete
PB-085,confirmed_violation,malicious,False,False,False,False,False,0,execution_failed
PB-086,confirmed_violation,malicious,False,False,False,False,False,0,execution_failed
PB-087,confirmed_violation,benign,True,False,False,False,False,1,path_incomplete
PB-088,confirmed_violation,benign,True,False,False,False,False,1,path_incomplete
PB-089,confirmed_violation,benign,True,False,False,False,False,1,path_incomplete
PB-090,confirmed_violation,malicious,True,True,False,False,False,1,complete
PB-091,confirmed_violation,malicious,True,True,False,False,False,1,complete
PB-092,confirmed_violation,malicious,True,True,False,False,False,1,complete
PB-093,confirmed_violation,benign,True,False,False,False,False,1,environment_missing
PB-094,confirmed_violation,malicious,False,False,False,False,False,0,environment_missing
PB-095,confirmed_violation,benign,True,False,False,False,False,1,path_incomplete
PB-096,confirmed_violation,malicious,True,True,False,False,False,1,complete
PB-097,confirmed_violation,malicious,True,True,False,False,False,1,complete
PB-098,confirmed_violation,malicious,True,True,False,False,False,1,complete
PB-099,confirmed_violation,malicious,True,True,False,False,False,1,complete
PB-100,confirmed_violation,malicious,True,False,False,False,False,1,max_steps_exhausted
PB-101,confirmed_violation,benign,True,False,False,False,False,1,path_incomplete
PB-102,confirmed_violation,benign,True,False,False,False,False,1,path_incomplete
PB-103,confirmed_violation,malicious,False,False,False,False,False,0,execution_failed
PB-104,confirmed_violation,malicious,True,True,False,False,False,1,complete
PB-105,confirmed_violation,malicious,False,False,False,False,False,0,timeout
PB-106,confirmed_violation,malicious,True,True,False,False,False,1,complete
PB-107,confirmed_violation,benign,True,False,False,False,False,1,path_incomplete
PB-108,confirmed_violation,malicious,True,True,False,False,False,1,complete
PB-109,confirmed_violation,malicious,True,True,False,False,False,1,complete
PB-110,confirmed_violation,malicious,True,True,False,False,False,1,complete
PB-111,confirmed_violation,benign,True,False,False,False,False,1,path_incomplete
PB-112,confirmed_violation,malicious,True,True,False,False,False,1,complete
PB-113,confirmed_violation,benign,True,False,False,False,False,1,path_incomplete
PB-114,confirmed_violation,benign,True,False,False,False,False,1,path_incomplete
PB-115,confirmed_violation,benign,True,False,False,False,False,1,path_incomplete
PB-116,confirmed_violation,malicious,True,True,False,False,False,1,complete
PB-117,confirmed_violation,malicious,True,True,False,False,False,1,complete
PB-118,confirmed_violation,malicious,True,True,False,False,False,1,complete
PB-119,confirmed_violation,malicious,True,True,False,False,False,1,complete
PB-120,confirmed_violation,benign,True,False,False,False,False,1,path_incomplete
PB-121,confirmed_violation,malicious,False,False,False,False,False,0,timeout
PB-122,confirmed_violation,malicious,False,False,False,False,False,0,path_incomplete
PB-123,confirmed_violation,malicious,True,True,False,False,False,1,complete
PB-124,confirmed_violation,benign,True,False,False,False,False,1,path_incomplete
PB-125,confirmed_violation,benign,True,False,False,False,False,1,path_incomplete
PB-126,confirmed_violation,benign,True,False,False,False,False,1,path_incomplete
PB-127,confirmed_violation,benign,True,False,False,False,False,1,path_incomplete
PB-128,confirmed_violation,malicious,True,True,False,False,False,1,complete
PB-129,confirmed_violation,malicious,False,False,False,False,False,0,path_incomplete
PB-130,confirmed_violation,malicious,True,True,False,False,False,1,complete
PB-131,confirmed_violation,malicious,True,True,False,False,False,1,complete
PB-132,confirmed_violation,benign,True,False,False,False,False,1,path_incomplete
PB-133,confirmed_violation,malicious,True,True,False,False,False,1,complete
PB-134,confirmed_violation,malicious,True,True,False,False,False,1,complete
PB-135,confirmed_violation,malicious,True,True,False,False,False,1,complete
PB-136,confirmed_violation,malicious,True,True,False,False,False,1,complete
PB-137,confirmed_violation,malicious,True,True,False,False,False,1,complete
PB-138,confirmed_violation,benign,True,False,False,False,False,1,path_incomplete
PB-139,confirmed_violation,benign,True,False,False,False,False,1,path_incomplete
PB-140,confirmed_violation,benign,True,False,False,False,False,1,path_incomplete
PB-141,confirmed_violation,benign,False,False,False,False,False,0,target_reached_no_flow
PB-142,confirmed_violation,benign,True,False,False,False,False,1,path_incomplete
PB-143,confirmed_violation,malicious,True,True,False,False,False,1,complete
PB-144,confirmed_violation,malicious,True,True,False,False,False,1,complete
PB-145,confirmed_violation,benign,True,False,False,False,False,1,path_incomplete
PB-146,confirmed_violation,malicious,True,True,False,False,False,1,complete
PB-147,confirmed_violation,malicious,True,True,False,False,False,1,complete
PB-148,confirmed_violation,malicious,True,True,False,False,False,1,complete
PB-149,confirmed_violation,malicious,True,True,False,False,False,1,complete
PB-150,confirmed_violation,malicious,False,False,False,False,False,0,execution_failed
PB-151,confirmed_violation,benign,True,False,False,False,False,1,path_incomplete
PB-152,confirmed_violation,benign,True,False,False,False,False,1,path_incomplete
PB-153,confirmed_violation,benign,True,False,False,False,False,1,path_incomplete
PB-154,confirmed_violation,malicious,True,True,False,False,False,1,complete
PB-155,confirmed_violation,malicious,True,True,False,False,False,1,complete
PB-156,confirmed_violation,malicious,True,True,False,False,False,1,complete
PB-157,confirmed_violation,benign,True,False,False,False,False,1,path_incomplete
PB-158,confirmed_violation,malicious,True,True,False,False,False,1,complete
PB-159,confirmed_violation,malicious,True,True,False,False,False,1,complete
PB-160,confirmed_violation,malicious,True,True,False,False,False,1,complete
PB-161,confirmed_violation,malicious,True,True,False,False,False,1,complete
PB-162,confirmed_violation,malicious,False,False,False,False,False,0,timeout
PB-163,confirmed_violation,malicious,True,True,False,False,False,1,complete
PB-164,confirmed_violation,malicious,True,True,False,False,False,1,complete
PB-165,confirmed_violation,benign,True,False,False,False,False,1,path_incomplete
PB-166,confirmed_violation,malicious,True,True,False,False,False,1,complete
PB-167,confirmed_violation,malicious,True,True,False,False,False,1,complete
PB-168,confirmed_violation,malicious,True,True,False,False,False,1,complete
PB-169,confirmed_violation,malicious,True,True,False,False,False,1,complete
PB-170,confirmed_violation,malicious,True,True,False,False,False,1,complete
PB-171,confirmed_violation,benign,True,False,False,False,False,1,path_incomplete
PB-172,confirmed_violation,malicious,True,True,False,False,False,1,complete
PB-173,confirmed_violation,malicious,True,True,False,False,False,1,complete
PB-174,confirmed_violation,malicious,True,True,False,False,False,1,complete
PB-175,confirmed_violation,malicious,True,True,False,False,False,1,complete
PB-176,confirmed_violation,malicious,True,True,False,False,False,1,complete
PB-177,confirmed_violation,malicious,True,True,False,False,False,1,complete
PB-178,confirmed_violation,malicious,True,True,False,False,False,1,complete
PB-179,confirmed_violation,malicious,True,True,False,False,False,1,complete
PB-180,confirmed_violation,malicious,True,True,False,False,False,1,complete
PB-181,confirmed_violation,malicious,True,True,False,False,False,1,complete
PB-182,confirmed_violation,malicious,False,False,False,False,False,0,timeout
PB-183,confirmed_violation,malicious,True,True,False,False,False,1,complete
PB-184,confirmed_violation,malicious,False,False,False,False,False,0,timeout
PB-185,confirmed_violation,malicious,False,False,False,False,False,0,environment_missing
PB-186,confirmed_violation,malicious,False,False,False,False,False,0,environment_missing
PB-187,confirmed_violation,malicious,False,False,False,False,False,0,environment_missing
PB-188,confirmed_violation,malicious,False,False,False,False,False,0,environment_missing
PB-189,confirmed_violation,malicious,True,True,False,False,False,1,complete
PB-190,confirmed_violation,malicious,True,True,False,False,False,1,complete
PB-191,confirmed_violation,malicious,True,True,False,False,False,1,complete
PB-192,confirmed_violation,malicious,False,False,False,False,False,0,timeout
PB-193,confirmed_violation,malicious,False,False,False,False,False,0,execution_failed
PB-194,confirmed_violation,malicious,True,True,False,False,False,1,complete
PB-195,confirmed_violation,malicious,True,True,False,False,False,1,complete
PB-196,confirmed_violation,malicious,True,True,False,False,False,1,complete
PB-197,confirmed_violation,malicious,True,True,False,False,False,1,complete
PB-198,confirmed_violation,malicious,True,True,False,False,False,1,complete
PB-199,confirmed_violation,malicious,True,True,False,False,False,1,complete
PB-200,confirmed_violation,malicious,True,True,False,False,False,1,complete
PB-201,confirmed_violation,malicious,False,False,False,False,False,0,timeout
PB-202,confirmed_violation,malicious,True,True,False,False,False,1,max_steps_exhausted
PB-203,confirmed_violation,malicious,True,True,False,False,False,1,complete
PB-204,confirmed_violation,benign,True,False,False,False,False,1,path_incomplete
PB-205,confirmed_violation,benign,True,False,False,False,False,1,path_incomplete
PB-206,confirmed_violation,benign,True,False,False,False,False,1,path_incomplete
PB-207,confirmed_violation,malicious,True,True,False,False,False,1,complete
PB-208,confirmed_violation,benign,True,False,False,False,False,1,path_incomplete
PB-209,confirmed_violation,malicious,True,True,False,False,False,1,complete
PB-210,confirmed_violation,malicious,True,True,False,False,False,1,complete
PB-211,confirmed_violation,benign,True,False,False,False,False,1,path_incomplete
PB-212,confirmed_violation,malicious,True,True,False,False,False,1,complete
PB-213,confirmed_violation,malicious,True,True,False,False,False,1,complete
PB-214,confirmed_violation,benign,True,False,False,False,False,1,path_incomplete
PB-215,confirmed_violation,malicious,True,True,False,False,False,1,complete
PB-216,confirmed_violation,malicious,True,True,False,False,False,1,complete
PB-217,confirmed_violation,benign,True,False,False,False,False,1,path_incomplete
PB-218,confirmed_violation,benign,True,False,False,False,False,1,path_incomplete
PB-219,confirmed_violation,benign,True,False,False,False,False,1,path_incomplete
PB-220,confirmed_violation,malicious,False,False,False,False,False,0,timeout
PB-221,confirmed_violation,malicious,True,True,False,False,False,1,complete
PB-222,confirmed_violation,malicious,True,True,False,False,False,1,complete
PB-223,confirmed_violation,malicious,True,True,False,False,False,1,complete
PB-224,confirmed_violation,benign,True,False,False,False,False,1,path_incomplete
PB-225,confirmed_violation,malicious,False,False,False,False,False,0,timeout
PB-226,confirmed_violation,malicious,True,True,False,False,False,1,complete
PB-227,confirmed_violation,malicious,True,True,False,False,False,1,complete
PB-228,confirmed_violation,malicious,True,True,False,False,False,1,complete
PB-229,confirmed_violation,malicious,False,False,False,False,False,0,environment_missing
PB-230,confirmed_violation,malicious,False,False,False,False,False,0,environment_missing
PB-231,confirmed_violation,malicious,False,False,False,False,False,0,environment_missing
PB-232,confirmed_violation,benign,True,False,False,False,False,1,path_incomplete
PB-233,confirmed_violation,malicious,True,True,False,False,False,1,complete
PB-234,confirmed_violation,malicious,True,True,False,False,False,1,complete
PB-235,confirmed_violation,malicious,True,True,False,False,False,1,complete
PB-236,confirmed_violation,malicious,True,True,False,False,False,1,complete
PB-237,confirmed_violation,benign,True,False,False,False,False,1,path_incomplete
PB-238,confirmed_violation,malicious,True,True,False,False,False,1,complete
PB-239,confirmed_violation,malicious,True,True,False,False,False,1,complete
PB-240,confirmed_violation,malicious,False,False,False,False,False,0,timeout
PB-241,confirmed_violation,malicious,True,True,False,False,False,1,complete
PB-242,confirmed_violation,malicious,True,True,False,False,False,1,complete
PB-243,confirmed_violation,benign,True,False,False,False,False,1,path_incomplete
PB-244,confirmed_violation,benign,True,False,False,False,False,1,path_incomplete
PB-245,confirmed_violation,malicious,True,True,False,False,False,1,complete
PB-246,confirmed_violation,malicious,True,True,False,False,False,1,complete
PB-247,confirmed_violation,malicious,True,True,False,False,False,1,complete
PB-248,confirmed_violation,benign,True,False,False,False,False,1,path_incomplete
PB-249,confirmed_violation,benign,True,False,False,False,False,1,path_incomplete
PB-250,confirmed_violation,malicious,True,True,False,False,False,1,complete
PB-251,confirmed_violation,malicious,True,True,False,False,False,1,complete
PB-252,confirmed_violation,malicious,True,True,False,False,False,1,complete
PB-253,confirmed_violation,malicious,True,True,False,False,False,1,complete
PB-254,confirmed_violation,malicious,True,True,False,False,False,1,complete
PB-255,confirmed_violation,benign,True,False,False,False,False,1,path_incomplete
PB-256,confirmed_violation,benign,True,False,False,False,False,1,path_incomplete
PB-257,confirmed_violation,benign,True,False,False,False,False,1,path_incomplete
PB-258,confirmed_violation,malicious,True,True,False,False,False,1,complete
PB-259,confirmed_violation,malicious,True,True,False,False,False,1,complete
PB-260,confirmed_violation,malicious,True,True,False,False,False,1,complete
PB-261,confirmed_violation,malicious,True,True,False,False,False,1,complete
PB-262,confirmed_violation,malicious,False,False,False,False,False,0,timeout
PB-263,confirmed_violation,malicious,True,True,False,False,False,1,complete
PB-264,confirmed_violation,malicious,True,True,False,False,False,1,complete
PB-265,confirmed_violation,malicious,True,True,False,False,False,1,complete
PB-266,confirmed_violation,malicious,True,True,False,False,False,1,complete
PB-267,confirmed_violation,malicious,True,True,False,False,False,1,complete
PB-268,confirmed_violation,benign,True,False,False,False,False,1,path_incomplete
PB-269,confirmed_violation,benign,True,False,False,False,False,1,path_incomplete
PB-270,confirmed_violation,benign,True,False,False,False,False,1,path_incomplete
PB-271,confirmed_violation,malicious,True,True,False,False,False,1,complete
PB-272,confirmed_violation,malicious,True,True,False,False,False,1,complete
PB-273,confirmed_violation,malicious,True,True,False,False,False,1,complete
PB-274,confirmed_violation,malicious,True,True,False,False,False,1,complete
PB-275,confirmed_violation,benign,True,False,False,False,False,1,path_incomplete
PB-276,confirmed_violation,malicious,True,True,False,False,False,1,complete
PB-277,confirmed_violation,malicious,True,True,False,False,False,1,complete
PB-278,confirmed_violation,malicious,True,True,False,False,False,1,complete
PB-279,confirmed_violation,malicious,True,True,False,False,False,1,complete
PB-280,confirmed_violation,malicious,True,True,False,False,False,1,complete
PB-281,confirmed_violation,benign,True,False,False,False,False,1,path_incomplete
PB-282,confirmed_violation,benign,True,False,False,False,False,1,path_incomplete
PB-283,confirmed_violation,benign,True,False,False,False,False,2,complete
PB-284,confirmed_violation,malicious,True,True,False,False,False,1,complete
PB-285,confirmed_violation,malicious,True,True,False,False,False,1,complete
PB-286,confirmed_violation,malicious,True,True,False,False,False,1,complete
PB-287,confirmed_violation,malicious,True,True,False,False,False,1,complete
PB-288,confirmed_violation,benign,True,False,False,False,False,1,path_incomplete
PB-289,confirmed_violation,malicious,True,True,False,False,False,1,complete
PB-290,confirmed_violation,malicious,True,True,False,False,False,1,complete
PB-291,confirmed_violation,malicious,True,True,False,False,False,1,complete
PB-292,confirmed_violation,malicious,True,True,False,False,False,1,complete
PB-293,confirmed_violation,benign,True,False,False,False,False,1,path_incomplete
PB-294,confirmed_violation,benign,True,False,False,False,False,1,path_incomplete
PB-295,confirmed_violation,benign,True,False,False,False,False,1,path_incomplete
PB-296,confirmed_violation,benign,True,False,False,False,False,1,path_incomplete
PB-297,confirmed_violation,malicious,True,True,False,False,False,1,complete
PB-298,confirmed_violation,benign,True,False,False,False,False,1,path_incomplete
PB-299,confirmed_violation,malicious,False,False,False,False,False,0,timeout
PB-300,confirmed_violation,malicious,True,True,False,False,False,1,complete
PB-301,confirmed_violation,benign,True,False,False,False,False,1,path_incomplete
PB-302,confirmed_violation,malicious,True,True,False,False,False,1,complete
PB-303,confirmed_violation,malicious,True,True,False,False,False,1,complete
PB-304,confirmed_violation,malicious,True,True,False,False,False,1,complete
PB-305,confirmed_violation,malicious,True,True,False,False,False,1,complete
PB-306,confirmed_violation,malicious,True,True,False,False,False,1,complete
PB-307,confirmed_violation,malicious,False,False,False,False,False,0,execution_failed
PB-308,confirmed_violation,benign,True,False,False,False,False,1,path_incomplete
PB-309,confirmed_violation,benign,True,False,False,False,False,1,path_incomplete
PB-310,confirmed_violation,malicious,True,True,False,False,False,1,complete
PB-311,confirmed_violation,malicious,True,True,False,False,False,1,complete
PB-312,confirmed_violation,malicious,True,True,False,False,False,1,complete
PB-313,confirmed_violation,malicious,False,False,False,False,False,0,timeout
PB-314,confirmed_violation,benign,True,False,False,False,False,1,path_incomplete
PB-315,confirmed_violation,malicious,True,True,False,False,False,1,complete
PB-316,confirmed_violation,malicious,True,True,False,False,False,1,complete
PB-317,confirmed_violation,malicious,True,True,False,False,False,1,complete
PB-318,confirmed_violation,malicious,True,True,False,False,False,1,complete
PB-319,confirmed_violation,malicious,True,True,False,False,False,1,complete
PB-320,confirmed_violation,benign,True,False,False,False,False,1,path_incomplete
PB-321,confirmed_violation,benign,True,False,False,False,False,1,path_incomplete
PB-322,confirmed_violation,benign,True,False,False,False,False,1,path_incomplete
PB-323,confirmed_violation,malicious,True,True,False,False,False,1,complete
PB-324,confirmed_violation,malicious,True,True,False,False,False,1,complete
PB-325,confirmed_violation,malicious,True,True,False,False,False,1,complete
PB-326,confirmed_violation,malicious,True,True,False,False,False,1,complete
PB-327,confirmed_violation,malicious,False,False,False,False,False,0,path_incomplete
PB-328,confirmed_violation,malicious,True,True,False,False,False,1,complete
PB-329,confirmed_violation,malicious,False,False,False,False,False,0,timeout
PB-330,confirmed_violation,malicious,True,True,False,False,False,1,complete
PB-331,confirmed_violation,malicious,True,True,False,False,False,1,complete
PB-332,confirmed_violation,malicious,True,True,False,False,False,1,complete
PB-333,confirmed_violation,malicious,True,False,False,False,False,1,path_incomplete
PB-334,confirmed_violation,benign,True,False,False,False,False,1,path_incomplete
PB-335,confirmed_violation,benign,True,False,False,False,False,1,path_incomplete
PB-336,confirmed_violation,malicious,True,True,False,False,False,1,complete
PB-337,confirmed_violation,malicious,True,True,False,False,False,1,complete
PB-338,confirmed_violation,malicious,True,True,False,False,False,1,complete
PB-339,confirmed_violation,benign,True,False,False,False,False,1,path_incomplete
PB-340,confirmed_violation,malicious,True,True,False,False,False,1,complete
PB-341,confirmed_violation,malicious,True,True,False,False,False,1,complete
PB-342,confirmed_violation,malicious,True,True,False,False,False,1,complete
PB-343,confirmed_violation,malicious,True,True,False,False,False,1,complete
PB-344,confirmed_violation,malicious,True,True,False,False,False,1,complete
PB-345,confirmed_violation,benign,True,False,False,False,False,1,path_incomplete
PB-346,confirmed_violation,benign,True,False,False,False,False,1,path_incomplete
PB-347,confirmed_violation,benign,True,False,False,False,False,1,path_incomplete
PB-348,confirmed_violation,malicious,True,True,False,False,False,1,complete
PB-349,confirmed_violation,malicious,True,True,False,False,False,1,complete
PB-350,confirmed_violation,malicious,True,True,False,False,False,1,complete
PB-351,confirmed_violation,benign,True,False,False,False,False,1,path_incomplete
PB-352,confirmed_violation,malicious,True,True,False,False,False,1,complete
PB-353,confirmed_violation,malicious,True,True,False,False,False,1,complete
PB-354,confirmed_violation,malicious,True,True,False,False,False,1,complete
PB-355,confirmed_violation,malicious,True,True,False,False,False,1,complete
PB-356,confirmed_violation,malicious,True,True,False,False,False,1,complete
PB-357,confirmed_violation,benign,True,False,False,False,False,1,path_incomplete
PB-358,confirmed_violation,benign,True,False,False,False,False,1,path_incomplete
PB-359,confirmed_violation,benign,True,False,False,False,False,1,path_incomplete
PB-360,confirmed_violation,malicious,True,True,False,False,False,1,complete
PB-361,confirmed_violation,malicious,True,True,False,False,False,1,complete
PB-362,confirmed_violation,malicious,True,True,False,False,False,1,complete
PB-363,confirmed_violation,malicious,True,True,False,False,False,1,complete
PB-364,confirmed_violation,malicious,True,True,False,False,False,1,complete
PB-365,confirmed_violation,malicious,True,True,False,False,False,1,complete
PB-366,confirmed_violation,malicious,True,True,False,False,False,1,complete
PB-367,confirmed_violation,malicious,True,True,False,False,False,1,complete
PB-368,confirmed_violation,malicious,True,True,False,False,False,1,complete
PB-369,confirmed_violation,malicious,True,True,False,False,False,1,complete
PB-370,confirmed_violation,malicious,True,True,False,False,False,1,complete
PB-371,confirmed_violation,malicious,True,True,False,False,False,1,complete
PB-372,confirmed_violation,malicious,True,True,False,False,False,1,complete
PB-373,confirmed_violation,malicious,True,True,False,False,False,1,complete
PB-374,confirmed_violation,malicious,True,True,False,False,False,1,complete
PB-375,confirmed_violation,malicious,True,True,False,False,False,1,complete
PB-376,confirmed_violation,malicious,True,True,False,False,False,1,complete
PB-377,confirmed_violation,malicious,True,True,False,False,False,1,complete
PB-378,confirmed_violation,malicious,True,True,False,False,False,1,complete
PB-379,confirmed_violation,malicious,True,True,False,False,False,1,complete
PB-380,confirmed_violation,malicious,True,True,False,False,False,1,complete
PB-381,confirmed_violation,malicious,True,True,False,False,False,1,complete
PB-382,confirmed_violation,malicious,True,True,False,False,False,1,complete
PB-383,confirmed_violation,malicious,True,True,False,False,False,1,complete
PB-384,confirmed_violation,malicious,True,True,False,False,False,1,complete
PB-385,confirmed_violation,malicious,True,True,False,False,False,1,complete
PB-386,confirmed_violation,malicious,True,True,False,False,False,1,complete
PB-387,confirmed_violation,malicious,True,True,False,False,False,1,complete
PB-388,confirmed_violation,malicious,True,True,False,False,False,1,complete
PB-389,confirmed_violation,malicious,True,True,False,False,False,1,complete
PB-390,confirmed_violation,malicious,False,False,False,False,False,0,timeout
PB-391,confirmed_violation,malicious,True,True,False,False,False,1,complete
PB-392,confirmed_violation,malicious,True,True,False,False,False,1,complete
PB-393,confirmed_violation,malicious,True,True,False,False,False,1,complete
PB-394,confirmed_violation,malicious,True,True,False,False,False,1,complete
PB-395,confirmed_violation,malicious,True,True,False,False,False,1,complete
PB-396,confirmed_violation,malicious,True,True,False,False,False,1,complete
PB-397,confirmed_violation,malicious,True,True,False,False,False,1,complete
PB-398,confirmed_violation,malicious,True,True,False,False,False,1,complete
PB-399,benign_lookalike,benign,False,False,False,False,True,0,path_incomplete
PB-400,benign_lookalike,benign,False,False,False,False,True,0,path_incomplete
PB-401,benign_lookalike,benign,False,False,False,False,True,0,path_incomplete
PB-402,benign_lookalike,benign,False,False,False,False,True,0,path_incomplete
PB-403,benign_lookalike,benign,False,False,False,False,True,0,path_incomplete
PB-404,benign_lookalike,benign,False,False,False,False,True,0,path_incomplete
PB-405,benign_lookalike,benign,False,False,False,False,True,0,path_incomplete
PB-406,benign_lookalike,benign,False,False,False,False,True,0,path_incomplete
PB-407,benign_lookalike,benign,False,False,False,False,True,0,path_incomplete
PB-408,benign_lookalike,benign,False,False,False,False,True,0,path_incomplete
PB-409,benign_lookalike,benign,False,False,False,False,True,0,path_incomplete
PB-410,benign_lookalike,benign,False,False,False,False,True,0,timeout
PB-411,benign_lookalike,benign,False,False,False,False,True,0,path_incomplete
PB-412,benign_lookalike,benign,False,False,False,False,True,0,path_incomplete
PB-413,benign_lookalike,benign,False,False,False,False,True,0,path_incomplete
PB-414,benign_lookalike,benign,False,False,False,False,True,0,path_incomplete
PB-415,benign_lookalike,benign,False,False,False,False,False,0,path_incomplete
PB-416,benign_lookalike,benign,False,False,False,False,True,0,path_incomplete
PB-417,benign_lookalike,benign,False,False,False,False,True,0,path_incomplete
PB-418,benign_lookalike,benign,False,False,False,False,False,0,path_incomplete
PB-419,benign_lookalike,benign,False,False,False,False,True,0,path_not_triggered
PB-420,benign_lookalike,benign,False,False,False,False,True,0,path_incomplete
PB-421,benign_lookalike,benign,False,False,False,False,True,0,path_incomplete
PB-422,benign_lookalike,benign,False,False,False,False,True,0,path_incomplete
PB-423,benign_lookalike,benign,False,False,False,False,True,0,path_incomplete
PB-424,benign_lookalike,benign,False,False,False,False,False,0,path_incomplete
PB-425,benign_lookalike,benign,False,False,False,False,True,0,path_incomplete
PB-426,benign_lookalike,benign,False,False,False,False,True,0,path_incomplete
PB-427,benign_lookalike,benign,False,False,False,False,True,0,path_incomplete
PB-428,benign_lookalike,benign,False,False,False,False,True,0,path_incomplete
PB-429,benign_lookalike,benign,False,False,False,False,True,0,path_incomplete
PB-430,benign_lookalike,benign,False,False,False,False,True,0,path_incomplete
PB-431,benign_lookalike,benign,False,False,False,False,True,0,path_incomplete
PB-432,benign_lookalike,benign,False,False,False,False,False,0,path_incomplete
PB-433,benign_lookalike,benign,False,False,False,False,True,0,path_incomplete
PB-434,benign_lookalike,benign,False,False,False,False,True,0,path_incomplete
PB-435,benign_lookalike,benign,False,False,False,False,True,0,execution_failed
PB-436,benign_lookalike,benign,False,False,False,False,True,0,path_incomplete
PB-437,benign_lookalike,benign,False,False,False,False,True,0,path_incomplete
PB-438,benign_lookalike,benign,False,False,False,False,True,0,path_incomplete
PB-439,benign_lookalike,benign,False,False,False,False,True,0,path_incomplete
PB-440,benign_lookalike,benign,False,False,False,False,True,0,path_incomplete
PB-441,benign_lookalike,benign,False,False,False,False,True,0,path_incomplete
PB-442,benign_lookalike,benign,False,False,False,False,True,0,path_incomplete
PB-443,benign_lookalike,benign,False,False,False,False,True,0,path_incomplete
PB-444,benign_lookalike,benign,False,False,False,False,True,0,path_incomplete
PB-445,benign_lookalike,benign,False,False,False,False,True,0,path_incomplete
PB-446,benign_lookalike,benign,False,False,False,False,True,0,execution_failed
PB-447,benign_lookalike,benign,False,False,False,False,True,0,path_incomplete
PB-448,benign_lookalike,benign,False,False,False,False,True,0,path_incomplete
PB-449,benign_lookalike,benign,False,False,False,False,True,0,path_incomplete
PB-450,benign_lookalike,benign,False,False,False,False,True,0,timeout
PB-451,benign_lookalike,benign,False,False,False,False,True,0,environment_missing
PB-452,benign_lookalike,benign,False,False,False,False,True,0,environment_missing
PB-453,benign_lookalike,benign,False,False,False,False,True,0,environment_missing
PB-454,benign_lookalike,benign,False,False,False,False,True,0,path_incomplete
PB-455,benign_lookalike,benign,False,False,False,False,True,0,path_incomplete
PB-456,benign_lookalike,benign,False,False,False,False,True,0,path_incomplete
PB-457,benign_lookalike,benign,False,False,False,False,True,0,path_incomplete
PB-458,benign_lookalike,benign,False,False,False,False,True,0,path_incomplete
PB-459,benign_lookalike,benign,False,False,False,False,True,0,path_incomplete
PB-460,benign_lookalike,benign,False,False,False,False,True,0,path_incomplete
PB-461,benign_lookalike,benign,False,False,False,False,True,0,path_incomplete
PB-462,benign_lookalike,benign,False,False,False,False,False,0,path_incomplete
PB-463,benign_lookalike,benign,False,False,False,False,True,0,execution_failed
PB-464,benign_lookalike,benign,False,False,False,False,True,0,target_reached_no_flow
PB-465,benign_lookalike,benign,False,False,False,False,True,0,path_incomplete
PB-466,benign_lookalike,benign,False,False,False,False,True,0,target_reached_no_flow
PB-467,benign_lookalike,benign,False,False,False,False,True,0,path_incomplete
PB-468,benign_lookalike,benign,False,False,False,False,True,0,path_incomplete
PB-469,benign_lookalike,benign,False,False,False,False,True,0,path_incomplete
PB-470,benign_lookalike,benign,False,False,False,False,True,0,target_reached_no_flow
PB-471,benign_lookalike,benign,False,False,False,False,True,0,path_incomplete
PB-472,benign_lookalike,benign,False,False,False,False,True,0,complete
PB-473,benign_lookalike,benign,False,False,False,False,True,0,path_incomplete
PB-474,benign_lookalike,benign,False,False,False,False,True,0,path_incomplete
PB-475,benign_lookalike,benign,False,False,False,False,True,0,path_incomplete
PB-476,benign_lookalike,benign,False,False,False,False,True,0,execution_failed
PB-477,benign_lookalike,benign,False,False,False,False,False,0,path_incomplete
PB-478,benign_lookalike,benign,False,False,False,False,True,0,execution_failed
PB-479,benign_lookalike,benign,False,False,False,False,True,0,execution_failed
PB-480,benign_lookalike,benign,False,False,False,False,True,0,path_incomplete
PB-481,benign_lookalike,benign,False,False,False,False,True,0,path_incomplete
PB-482,benign_lookalike,benign,False,False,False,False,True,0,execution_failed
PB-483,benign_lookalike,benign,False,False,False,False,True,0,path_incomplete
PB-484,benign_lookalike,benign,False,False,False,False,True,0,path_incomplete
PB-485,benign_lookalike,benign,False,False,False,False,True,0,path_incomplete
PB-486,benign_lookalike,benign,False,False,False,False,True,0,environment_missing
PB-487,benign_lookalike,benign,False,False,False,False,True,0,environment_missing
PB-488,benign_lookalike,benign,False,False,False,False,True,0,path_incomplete
PB-489,benign_lookalike,benign,False,False,False,False,True,0,target_reached_no_flow
PB-490,benign_lookalike,benign,False,False,False,False,True,0,path_incomplete
PB-491,benign_lookalike,benign,False,False,False,False,True,0,timeout
PB-492,benign_lookalike,benign,False,False,False,False,True,0,path_incomplete
PB-493,benign_lookalike,benign,False,False,False,False,True,0,path_incomplete
PB-494,benign_lookalike,benign,False,False,False,False,True,0,path_incomplete
PB-495,benign_lookalike,benign,False,False,False,False,True,0,path_incomplete
PB-496,benign_lookalike,benign,False,False,False,False,False,0,path_incomplete
PB-497,benign_lookalike,benign,False,False,False,False,True,0,path_incomplete
PB-498,benign_lookalike,benign,False,False,False,False,True,0,path_incomplete
PB-499,benign_lookalike,benign,False,False,False,False,True,0,path_incomplete
PB-500,benign_lookalike,benign,False,False,False,False,True,0,path_incomplete
PB-501,benign_lookalike,benign,False,False,False,False,True,0,path_incomplete
PB-502,benign_lookalike,benign,False,False,False,False,True,0,execution_failed
PB-503,benign_lookalike,benign,False,False,False,False,True,0,path_incomplete
PB-504,benign_lookalike,benign,False,False,False,False,True,0,path_incomplete
PB-505,benign_lookalike,benign,False,False,False,False,False,0,path_incomplete
PB-506,benign_lookalike,benign,False,False,False,False,True,0,path_incomplete
PB-507,benign_lookalike,benign,False,False,False,False,True,0,path_incomplete
PB-508,benign_lookalike,benign,False,False,False,False,True,0,path_incomplete
PB-509,benign_lookalike,benign,False,False,False,False,True,0,target_reached_no_flow
PB-510,benign_lookalike,benign,False,False,False,False,True,0,path_incomplete
PB-511,benign_lookalike,benign,False,False,False,False,True,0,path_incomplete
PB-512,benign_lookalike,benign,False,False,False,False,True,0,path_incomplete
PB-513,benign_lookalike,benign,False,False,False,False,True,0,execution_failed
PB-514,benign_lookalike,benign,False,False,False,False,True,0,execution_failed
PB-515,benign_lookalike,benign,False,False,False,False,True,0,path_incomplete
PB-516,benign_lookalike,benign,False,False,False,False,True,0,path_incomplete
PB-517,benign_lookalike,benign,False,False,False,False,True,0,path_incomplete
PB-518,benign_lookalike,benign,False,False,False,False,True,0,target_reached_no_flow
PB-519,benign_lookalike,benign,False,False,False,False,True,0,path_incomplete
PB-520,benign_lookalike,benign,False,False,False,False,True,0,path_incomplete
PB-521,trusted_allowed,benign,False,False,False,False,False,0,path_incomplete
PB-522,benign_lookalike,benign,False,False,False,False,True,0,timeout
PB-523,benign_lookalike,benign,False,False,False,False,True,0,path_incomplete
PB-524,benign_lookalike,benign,False,False,False,False,True,0,path_incomplete
PB-525,benign_lookalike,benign,False,False,False,False,True,0,path_incomplete
PB-526,benign_lookalike,benign,False,False,False,False,True,0,complete
PB-527,benign_lookalike,benign,False,False,False,False,True,0,path_incomplete
PB-528,benign_lookalike,benign,False,False,False,False,True,0,path_incomplete
PB-529,benign_lookalike,benign,False,False,False,False,True,0,path_incomplete
PB-530,benign_lookalike,benign,False,False,False,False,True,0,path_incomplete
PB-531,benign_lookalike,benign,False,False,False,False,True,0,execution_failed
PB-532,benign_lookalike,benign,False,False,False,False,True,0,execution_failed
PB-533,benign_lookalike,benign,False,False,False,False,True,0,path_incomplete
PB-534,trusted_allowed,malicious,True,True,False,False,True,1,complete
PB-535,benign_lookalike,benign,False,False,False,False,True,0,path_incomplete
PB-536,benign_lookalike,benign,False,False,False,False,True,0,path_incomplete
PB-537,benign_lookalike,benign,False,False,False,False,True,0,path_incomplete
PB-538,benign_lookalike,benign,False,False,False,False,True,0,path_incomplete
PB-539,benign_lookalike,benign,False,False,False,False,True,0,path_incomplete
PB-540,benign_lookalike,benign,False,False,False,False,True,0,path_incomplete
PB-541,trusted_allowed,benign,False,False,False,False,True,0,path_incomplete
PB-542,trusted_allowed,benign,False,False,False,False,True,0,path_incomplete
PB-543,trusted_allowed,benign,False,False,False,False,True,0,path_incomplete
PB-544,trusted_allowed,malicious,True,True,False,False,False,1,complete
PB-545,trusted_allowed,malicious,True,True,False,False,True,1,complete
PB-546,trusted_allowed,malicious,True,True,False,False,True,1,complete
PB-547,trusted_allowed,malicious,True,True,False,False,False,1,complete
PB-548,trusted_allowed,benign,False,False,False,False,True,0,path_incomplete
PB-549,benign_lookalike,benign,False,False,False,False,True,0,path_incomplete
PB-550,benign_lookalike,benign,False,False,False,False,True,0,path_incomplete
PB-551,benign_lookalike,benign,False,False,False,False,True,0,execution_failed
PB-552,benign_lookalike,benign,False,False,False,False,True,0,execution_failed
PB-553,benign_lookalike,benign,False,False,False,False,True,0,execution_failed
PB-554,trusted_allowed,benign,False,False,False,False,True,0,path_incomplete
PB-555,trusted_allowed,benign,False,False,False,False,True,0,path_incomplete
PB-556,trusted_allowed,benign,False,False,False,False,False,0,path_incomplete
PB-557,trusted_allowed,benign,False,False,False,False,True,0,execution_failed
PB-558,trusted_allowed,malicious,True,True,False,False,False,1,complete
PB-559,trusted_allowed,malicious,True,True,False,False,True,1,complete
PB-560,trusted_allowed,malicious,True,True,False,False,True,1,complete
PB-561,trusted_allowed,benign,False,False,False,False,True,0,path_incomplete
PB-562,benign_lookalike,benign,False,False,False,False,False,0,path_incomplete
PB-563,benign_lookalike,benign,False,False,False,False,True,0,execution_failed
PB-564,benign_lookalike,benign,False,False,False,False,True,0,environment_missing
PB-565,benign_lookalike,benign,False,False,False,False,True,0,path_incomplete
PB-566,trusted_allowed,benign,False,False,False,False,True,0,path_incomplete
PB-567,trusted_allowed,benign,False,False,False,False,True,0,path_incomplete
PB-568,trusted_allowed,benign,False,False,False,False,True,0,environment_missing
PB-569,trusted_allowed,benign,False,False,False,False,True,0,execution_failed
PB-570,trusted_allowed,benign,False,False,False,False,True,0,path_incomplete
PB-571,trusted_allowed,malicious,True,True,False,False,False,1,complete
PB-572,trusted_allowed,malicious,True,True,False,False,True,1,complete
PB-573,trusted_allowed,benign,False,False,False,False,True,0,path_incomplete
PB-574,benign_lookalike,benign,False,False,False,False,True,0,execution_failed
PB-575,benign_lookalike,benign,False,False,False,False,True,0,execution_failed
PB-576,trusted_allowed,malicious,True,True,False,False,True,1,complete
PB-577,trusted_allowed,malicious,True,True,False,False,True,1,complete
PB-578,benign_lookalike,benign,False,False,False,False,True,0,execution_failed
PB-579,trusted_allowed,benign,False,False,False,False,True,0,path_incomplete
PB-580,trusted_allowed,benign,False,False,False,False,True,0,path_incomplete
PB-581,trusted_allowed,benign,False,False,False,False,True,0,path_incomplete
PB-582,trusted_allowed,benign,False,False,False,False,True,0,execution_failed
PB-583,trusted_allowed,benign,False,False,False,False,False,0,execution_failed
PB-584,trusted_allowed,malicious,True,True,False,False,True,1,complete
PB-585,trusted_allowed,benign,False,False,False,False,True,0,execution_failed
PB-586,trusted_allowed,benign,False,False,False,False,True,0,path_incomplete
PB-587,benign_lookalike,benign,False,False,False,False,True,0,path_incomplete
PB-588,benign_lookalike,benign,False,False,False,False,True,0,execution_failed
PB-589,trusted_allowed,malicious,True,True,False,False,True,1,complete
PB-590,trusted_allowed,malicious,True,True,False,False,True,1,complete
PB-591,benign_lookalike,benign,False,False,False,False,True,0,path_incomplete
PB-592,trusted_allowed,benign,False,False,False,False,True,0,path_incomplete
PB-593,trusted_allowed,benign,False,False,False,False,True,0,path_incomplete
PB-594,trusted_allowed,benign,False,False,False,False,True,0,path_incomplete
PB-595,trusted_allowed,malicious,True,True,False,False,False,1,complete
PB-596,trusted_allowed,benign,False,False,False,False,True,0,timeout
PB-597,trusted_allowed,malicious,True,True,False,False,True,1,complete
PB-598,review_coverage,benign,False,False,False,False,True,0,execution_failed
PB-599,trusted_allowed,benign,False,False,False,False,True,0,path_incomplete
PB-600,benign_lookalike,benign,False,False,False,False,True,0,path_incomplete
PB-601,benign_lookalike,benign,False,False,False,False,True,0,execution_failed
PB-602,trusted_allowed,malicious,True,True,False,False,False,1,complete
PB-603,trusted_allowed,benign,False,False,False,False,True,0,path_incomplete
PB-604,benign_lookalike,benign,False,False,False,False,True,0,path_incomplete
PB-605,trusted_allowed,benign,False,False,False,False,True,0,environment_missing
PB-606,trusted_allowed,benign,False,False,False,False,True,0,path_incomplete
PB-607,trusted_allowed,benign,False,False,False,False,True,0,path_incomplete
PB-608,trusted_allowed,benign,False,False,False,False,False,0,path_incomplete
PB-609,trusted_allowed,malicious,True,True,False,False,True,1,complete
PB-610,trusted_allowed,benign,False,False,False,False,True,0,execution_failed
PB-611,review_coverage,benign,False,False,False,False,True,0,execution_failed
PB-612,trusted_allowed,benign,False,False,False,False,True,0,path_incomplete
PB-613,benign_lookalike,benign,False,False,False,False,False,0,path_incomplete
PB-614,trusted_allowed,malicious,True,True,False,False,True,1,complete
PB-615,trusted_allowed,malicious,True,True,False,False,True,1,complete
PB-616,trusted_allowed,benign,False,False,False,False,True,0,path_not_triggered
PB-617,trusted_allowed,benign,False,False,False,False,False,0,path_incomplete
PB-618,trusted_allowed,benign,False,False,False,False,True,0,path_incomplete
PB-619,trusted_allowed,benign,False,False,False,False,True,0,path_incomplete
PB-620,trusted_allowed,benign,False,False,False,False,True,0,path_incomplete
PB-621,trusted_allowed,benign,False,False,False,False,True,0,execution_failed
PB-622,trusted_allowed,malicious,True,True,False,False,False,1,complete
PB-623,trusted_allowed,malicious,True,True,False,False,False,1,complete
PB-624,review_coverage,benign,False,False,False,False,True,0,target_reached_no_flow
PB-625,trusted_allowed,benign,False,False,False,False,True,0,path_incomplete
PB-626,benign_lookalike,benign,False,False,False,False,True,0,path_incomplete
PB-627,trusted_allowed,benign,False,False,False,False,True,0,execution_failed
PB-628,trusted_allowed,benign,False,False,False,False,False,0,path_incomplete
PB-629,trusted_allowed,benign,False,False,False,False,True,0,path_incomplete
PB-630,trusted_allowed,benign,False,False,False,False,False,0,path_incomplete
PB-631,trusted_allowed,benign,False,False,False,False,True,0,path_incomplete
PB-632,trusted_allowed,benign,False,False,False,False,True,0,path_incomplete
PB-633,trusted_allowed,benign,False,False,False,False,True,0,execution_failed
PB-634,trusted_allowed,malicious,True,True,False,False,True,1,complete
PB-635,trusted_allowed,benign,False,False,False,False,True,0,path_incomplete
PB-636,review_coverage,benign,False,False,False,False,True,0,target_reached_no_flow
PB-637,trusted_allowed,benign,False,False,False,False,True,0,path_incomplete
PB-638,benign_lookalike,benign,False,False,False,False,True,0,path_incomplete
PB-639,trusted_allowed,benign,False,False,False,False,True,0,execution_failed
PB-640,trusted_allowed,benign,False,False,False,False,False,0,path_incomplete
PB-641,trusted_allowed,malicious,True,True,False,False,True,1,complete
PB-642,trusted_allowed,benign,False,False,False,False,True,0,execution_failed
PB-643,review_coverage,benign,False,False,False,False,True,0,execution_failed
PB-644,review_coverage,benign,False,False,False,False,False,0,execution_failed
PB-645,review_coverage,benign,False,False,False,False,True,0,environment_missing
PB-646,review_coverage,benign,False,False,False,False,True,0,path_incomplete
PB-647,review_coverage,benign,False,False,False,False,True,0,environment_missing
PB-648,review_coverage,benign,False,False,False,False,True,0,timeout
PB-649,review_coverage,benign,False,False,False,False,True,0,path_incomplete
PB-650,benign_lookalike,benign,False,False,False,False,True,0,path_incomplete
PB-651,trusted_allowed,malicious,True,True,False,False,False,1,complete
PB-652,trusted_allowed,benign,False,False,False,False,True,0,execution_failed
PB-653,trusted_allowed,benign,False,False,False,False,True,0,execution_failed
PB-654,review_coverage,benign,False,False,False,False,True,0,path_incomplete
PB-655,review_coverage,benign,False,False,False,False,False,0,execution_failed
PB-656,review_coverage,benign,False,False,False,False,True,0,timeout
PB-657,review_coverage,benign,False,False,False,False,True,0,execution_failed
PB-658,review_coverage,benign,False,False,False,False,True,0,execution_failed
PB-659,review_coverage,benign,False,False,False,False,True,0,execution_failed
PB-660,review_coverage,benign,False,False,False,False,False,0,execution_failed
PB-661,benign_lookalike,benign,False,False,False,False,True,0,execution_failed
PB-662,trusted_allowed,malicious,True,True,False,False,True,1,complete
PB-663,trusted_allowed,malicious,True,True,False,False,True,1,complete
PB-664,trusted_allowed,malicious,True,True,False,False,True,1,complete
PB-665,trusted_allowed,malicious,True,True,False,False,True,1,complete
PB-666,review_coverage,benign,False,False,False,False,False,0,execution_failed
PB-667,review_coverage,benign,False,False,False,False,True,0,path_incomplete
PB-668,review_coverage,benign,False,False,False,False,True,0,timeout
PB-669,review_coverage,benign,False,False,False,False,True,0,execution_failed
PB-670,review_coverage,benign,False,False,False,False,True,0,timeout
PB-671,review_coverage,benign,False,False,False,False,True,0,execution_failed
PB-672,review_coverage,benign,False,False,False,False,True,0,target_reached_no_flow
PB-673,benign_lookalike,benign,False,False,False,False,True,0,path_incomplete
PB-674,trusted_allowed,benign,False,False,False,False,True,0,target_reached_no_flow
PB-675,trusted_allowed,benign,False,False,False,False,False,0,execution_failed
PB-676,trusted_allowed,benign,False,False,False,False,True,0,path_incomplete
PB-677,trusted_allowed,malicious,True,True,False,False,True,1,complete
PB-678,review_coverage,benign,False,False,False,False,True,0,execution_failed
PB-679,review_coverage,benign,False,False,False,False,False,0,target_reached_no_flow
PB-680,review_coverage,benign,False,False,False,False,False,0,path_incomplete
PB-681,review_coverage,benign,False,False,False,False,True,0,execution_failed
PB-682,review_coverage,benign,False,False,False,False,True,0,execution_failed
PB-683,review_coverage,benign,False,False,False,False,True,0,execution_failed
PB-684,benign_lookalike,benign,False,False,False,False,True,0,path_incomplete
PB-685,trusted_allowed,malicious,True,True,False,False,True,1,complete
PB-686,review_coverage,benign,False,False,False,False,True,0,execution_failed
PB-687,review_coverage,benign,False,False,False,False,True,0,execution_failed
PB-688,trusted_allowed,benign,False,False,False,False,False,0,path_incomplete
PB-689,review_coverage,benign,False,False,False,False,True,0,execution_failed
PB-690,review_coverage,benign,False,False,False,False,False,0,target_reached_no_flow
PB-691,review_coverage,benign,False,False,False,False,False,0,path_incomplete
PB-692,review_coverage,benign,False,False,False,False,True,0,execution_failed
PB-693,review_coverage,benign,False,False,False,False,True,0,environment_missing
PB-694,review_coverage,benign,False,False,False,False,True,0,execution_failed
PB-695,review_coverage,benign,False,False,False,False,True,0,execution_failed
PB-696,benign_lookalike,benign,False,False,False,False,True,0,timeout
PB-697,trusted_allowed,benign,False,False,False,False,True,0,execution_failed
PB-698,review_coverage,benign,False,False,False,False,True,0,execution_failed
PB-699,review_coverage,benign,False,False,False,False,True,0,target_reached_no_flow
PB-700,trusted_allowed,benign,False,False,False,False,False,0,path_incomplete
PB-701,benign_lookalike,benign,False,False,False,False,True,0,path_incomplete
PB-702,trusted_allowed,malicious,True,True,False,False,True,1,complete
PB-703,review_coverage,benign,False,False,False,False,True,0,path_incomplete
PB-704,review_coverage,benign,False,False,False,False,True,0,execution_failed
PB-705,trusted_allowed,benign,False,False,False,False,True,0,timeout
PB-706,benign_lookalike,benign,False,False,False,False,True,0,path_incomplete
PB-707,trusted_allowed,malicious,True,True,False,False,False,1,complete
PB-708,review_coverage,benign,False,False,False,False,True,0,execution_failed
PB-709,review_coverage,benign,False,False,False,False,True,0,path_incomplete
PB-710,trusted_allowed,benign,False,False,False,False,False,0,path_incomplete
PB-711,benign_lookalike,benign,False,False,False,False,True,0,path_incomplete
PB-712,review_coverage,benign,False,False,False,False,True,0,timeout
PB-713,review_coverage,benign,False,False,False,False,True,0,execution_failed
PB-714,review_coverage,benign,False,False,False,False,True,0,path_incomplete
PB-715,review_coverage,benign,False,False,False,False,True,0,path_incomplete
PB-716,benign_lookalike,benign,False,False,False,False,True,0,execution_failed
PB-717,review_coverage,benign,False,False,False,False,True,0,path_incomplete
PB-718,review_coverage,benign,False,False,False,False,True,0,environment_missing
PB-719,review_coverage,benign,False,False,False,False,True,0,path_incomplete
PB-720,review_coverage,benign,False,False,False,False,True,0,target_reached_no_flow
PB-721,benign_lookalike,benign,False,False,False,False,True,0,complete
PB-722,review_coverage,benign,False,False,False,False,True,0,path_not_triggered
PB-723,review_coverage,benign,False,False,False,False,True,0,execution_failed
PB-724,benign_lookalike,benign,False,False,False,False,True,0,path_incomplete
PB-725,review_coverage,benign,False,False,False,False,True,0,execution_failed
PB-726,review_coverage,benign,False,False,False,False,True,0,path_incomplete
PB-727,benign_lookalike,benign,False,False,False,False,True,0,execution_failed
PB-728,review_coverage,benign,False,False,False,False,True,0,execution_failed
PB-729,review_coverage,benign,False,False,False,False,True,0,execution_failed
PB-730,benign_lookalike,benign,False,False,False,False,True,0,path_incomplete
PB-731,review_coverage,benign,False,False,False,False,True,0,path_incomplete
PB-732,review_coverage,benign,False,False,False,False,True,0,execution_failed
PB-733,benign_lookalike,benign,False,False,False,False,True,0,execution_failed
PB-734,review_coverage,benign,False,False,False,False,True,0,timeout
PB-735,review_coverage,benign,False,False,False,False,True,0,path_incomplete
PB-736,benign_lookalike,benign,False,False,False,False,True,0,environment_missing
PB-737,benign_lookalike,benign,False,False,False,False,True,0,timeout
PB-738,benign_lookalike,benign,False,False,False,False,True,0,path_incomplete
PB-739,benign_lookalike,benign,False,False,False,False,True,0,path_incomplete
PB-740,trusted_allowed,benign,False,False,False,False,True,0,path_incomplete
PB-741,trusted_allowed,benign,False,False,False,False,True,0,timeout
PB-742,trusted_allowed,benign,False,False,False,False,True,0,path_incomplete
PB-743,trusted_allowed,malicious,True,True,False,False,True,1,complete
PB-744,trusted_allowed,benign,False,False,False,False,True,0,path_incomplete
PB-745,trusted_allowed,benign,False,False,False,False,True,0,path_incomplete
PB-746,trusted_allowed,benign,False,False,False,False,True,0,execution_failed
PB-747,trusted_allowed,benign,False,False,False,False,True,0,path_incomplete
PB-748,trusted_allowed,benign,False,False,False,False,True,0,path_incomplete
PB-749,trusted_allowed,benign,False,False,False,False,True,0,path_incomplete
PB-750,trusted_allowed,malicious,True,True,False,False,True,1,complete
PB-751,trusted_allowed,benign,False,False,False,False,True,0,path_incomplete
PB-752,trusted_allowed,benign,False,False,False,False,True,0,execution_failed
PB-753,trusted_allowed,benign,False,False,False,False,True,0,path_incomplete
PB-754,trusted_allowed,benign,False,False,False,False,True,0,path_incomplete
PB-755,trusted_allowed,malicious,True,True,False,False,True,1,complete
PB-756,trusted_allowed,benign,False,False,False,False,True,0,path_incomplete
PB-757,trusted_allowed,malicious,True,True,False,False,True,1,complete
PB-758,trusted_allowed,benign,False,False,False,False,True,0,path_incomplete
PB-759,trusted_allowed,benign,False,False,False,False,True,0,path_incomplete
PB-760,trusted_allowed,malicious,True,True,False,False,True,1,complete
PB-761,trusted_allowed,benign,False,False,False,False,True,0,execution_failed
PB-762,review_coverage,benign,False,False,False,False,True,0,target_reached_no_flow
PB-763,review_coverage,benign,False,False,False,False,True,0,path_not_triggered
PB-764,review_coverage,benign,False,False,False,False,True,0,timeout
PB-765,review_coverage,benign,False,False,False,False,True,0,timeout
PB-766,review_coverage,benign,False,False,False,False,True,0,path_incomplete
PB-767,review_coverage,benign,False,False,False,False,True,0,target_reached_no_flow
PB-768,review_coverage,benign,False,False,False,False,True,0,target_reached_no_flow
PB-769,review_coverage,benign,False,False,False,False,True,0,target_reached_no_flow
PB-770,review_coverage,benign,False,False,False,False,True,0,timeout
PB-771,review_coverage,benign,False,False,False,False,True,0,execution_failed
PB-772,review_coverage,benign,False,False,False,False,True,0,environment_missing
PB-773,review_coverage,benign,False,False,False,False,True,0,path_not_triggered
PB-774,review_coverage,benign,False,False,False,False,True,0,execution_failed
PB-775,review_coverage,benign,False,False,False,False,True,0,path_incomplete
PB-776,review_coverage,benign,False,False,False,False,True,0,target_reached_no_flow
